Date,cum_hl
2020-01-03,0.0038071777055808612
2020-01-06,-0.004539636997876106
2020-01-07,-0.008619319573966264
2020-01-08,-0.0034754773522003256
2020-01-09,-0.005610889757648913
2020-01-10,0.005914439352683468
2020-01-13,-0.0034047205696931242
2020-01-14,-0.0013217331772298465
2020-01-15,-0.0014690593788663367
2020-01-16,-0.009551391900886216
2020-01-17,-0.006683699775492053
2020-01-20,-0.007806784503250527
2020-01-21,-0.0003167849221230798
2020-01-22,-0.013965970081868308
2020-01-23,-0.008492361169598665
2020-02-03,-0.017267720740782776
2020-02-04,-0.06182697281902073
2020-02-05,-0.07985860590209914
2020-02-06,-0.09953961219439093
2020-02-07,-0.10540541876816091
2020-02-10,-0.09234553803463263
2020-02-11,-0.06632038464157139
2020-02-12,-0.08313760096413884
2020-02-13,-0.08390933220447251
2020-02-14,-0.07127086559588058
2020-02-17,-0.07140892868098495
2020-02-18,-0.0859316968036343
2020-02-19,-0.06238106461506529
2020-02-20,-0.05132306914329734
2020-02-21,-0.05707473561604249
2020-02-24,-0.08138891384199279
2020-02-25,-0.10748704217386351
2020-02-26,-0.06371784304144162
2020-02-27,-0.05518325936080569
2020-02-28,-0.04485454697542147
2020-03-02,-0.05285152743525456
2020-03-03,-0.05702318566228284
2020-03-04,-0.043846356616657076
2020-03-05,-0.03848163544755364
2020-03-06,-0.03207910118787245
2020-03-09,-0.012705499019298235
2020-03-10,-0.024052538693356593
2020-03-11,-0.011701861333196246
2020-03-12,-0.011670048938393351
2020-03-13,-0.012339486832787397
2020-03-16,0.012095995616647969
2020-03-17,0.009675506089709964
2020-03-18,0.01941129383893581
2020-03-19,0.006635489288604078
2020-03-20,0.015857051579669348
2020-03-23,0.03635660771069413
2020-03-24,0.04001500860632325
2020-03-25,0.035320029216236046
2020-03-26,0.0482779230769379
2020-03-27,0.05826846923574808
2020-03-30,0.06404945184743292
2020-03-31,0.0720600305972192
2020-04-01,0.0767468314806173
2020-04-02,0.06709481300337607
2020-04-03,0.06815308251485476
2020-04-07,0.05318547144257304
2020-04-08,0.055944251530321065
2020-04-09,0.0533561609371222
2020-04-10,0.07065686667433677
2020-04-13,0.08033655031003228
2020-04-14,0.07350321247321809
2020-04-15,0.07894049665392734
2020-04-16,0.07934862395782956
2020-04-17,0.0890419458264458
2020-04-20,0.07937258681905787
2020-04-21,0.07444571004547705
2020-04-22,0.07028046370891883
2020-04-23,0.07618290658690643
2020-04-24,0.09554290658229157
2020-04-27,0.10992262053359034
2020-04-28,0.12350212132574885
2020-04-29,0.13912277563302486
2020-04-30,0.1363465969458702
2020-05-06,0.11859429732315419
2020-05-07,0.12014067855180288
2020-05-08,0.11848213217266775
2020-05-11,0.11413722984877533
2020-05-12,0.11047435558043549
2020-05-13,0.10699189270260162
2020-05-14,0.10632130980642497
2020-05-15,0.1057050897454373
2020-05-18,0.11647709646214548
2020-05-19,0.10009267482725612
2020-05-20,0.10856528150155004
2020-05-21,0.11954471810610465
2020-05-22,0.12625218960651752
2020-05-25,0.13380976995341984
2020-05-26,0.11835998367886552
2020-05-27,0.12383398026678318
2020-05-28,0.13430800803107013
2020-05-29,0.13137089971061572
2020-06-01,0.11158270302205693
2020-06-02,0.11546927207103107
2020-06-03,0.11306025330984518
2020-06-04,0.11880058246733095
2020-06-05,0.12583255197058021
2020-06-08,0.13266949322795374
2020-06-09,0.13145678098229768
2020-06-10,0.13141477076929284
2020-06-11,0.1298263065407748
2020-06-12,0.13083345793733978
2020-06-15,0.13627207814441733
2020-06-16,0.12973243271009915
2020-06-17,0.13214898836927835
2020-06-18,0.1414302153444156
2020-06-19,0.14319900786011294
2020-06-22,0.1392985086524315
2020-06-23,0.13694467268946647
2020-06-24,0.14370387414524025
2020-06-29,0.1428185847829769
2020-06-30,0.132312028580759
2020-07-01,0.1349920917457262
2020-07-02,0.14375809792581948
2020-07-03,0.15654590171003033
2020-07-06,0.15732824504723106
2020-07-07,0.14628680358527207
2020-07-08,0.13805678526671794
2020-07-09,0.13679076322025172
2020-07-10,0.1367879526894351
2020-07-13,0.13755331727288084
2020-07-14,0.14670985400802605
2020-07-15,0.1750288176327299
2020-07-16,0.19155336918885715
2020-07-17,0.19321325660052308
2020-07-20,0.19029013259107708
2020-07-21,0.1974173082460436
2020-07-22,0.19004013474663806
2020-07-23,0.18776244343639778
2020-07-24,0.20420698745828678
2020-07-27,0.20449257967335974
2020-07-28,0.20836607617155953
2020-07-29,0.1972565898467561
2020-07-30,0.19515770818243297
2020-07-31,0.19315621479600545
2020-08-03,0.18251334741985697
2020-08-04,0.19634456310362491
2020-08-05,0.18938960750738423
2020-08-06,0.19649246786587715
2020-08-07,0.19982511449288942
2020-08-10,0.21513417111143
2020-08-11,0.22443441019791183
2020-08-12,0.2307750295736845
2020-08-13,0.24000723099930235
2020-08-14,0.24437860502646075
2020-08-17,0.23652875516300906
2020-08-18,0.22766578294102227
2020-08-19,0.2487342955987184
2020-08-20,0.25957196192352006
2020-08-21,0.26541134447532
2020-08-24,0.26452435703597915
2020-08-25,0.2685873187455864
2020-08-26,0.2845907021123997
2020-08-27,0.2798118813863257
2020-08-28,0.286776821271387
2020-08-31,0.27676306742556844
2020-09-01,0.2652425147790487
2020-09-02,0.2556008086773419
2020-09-03,0.2730380719888661
2020-09-04,0.26363511012234986
2020-09-07,0.25416732500767314
2020-09-08,0.2507075276154409
2020-09-09,0.28321419670941195
2020-09-10,0.32991836600369856
2020-09-11,0.31087390718953833
2020-09-14,0.2711537944794346
2020-09-15,0.27248720473026683
2020-09-16,0.2724441312871224
2020-09-17,0.2753366729137886
2020-09-18,0.2882169186816314
2020-09-21,0.2869230162215439
2020-09-22,0.29206261408629725
2020-09-23,0.27692073706390435
2020-09-24,0.29903290092013135
2020-09-25,0.30592352392892763
2020-09-28,0.3187271238727648
2020-09-29,0.3133468962466112
2020-09-30,0.3114056313780812
2020-10-09,0.2838756854235052
2020-10-12,0.25790390320647416
2020-10-13,0.24228457857526828
2020-10-14,0.23746924543027992
2020-10-15,0.2539823907648224
2020-10-16,0.25148399980311087
2020-10-19,0.2509880303693619
2020-10-20,0.23335990213748853
2020-10-21,0.24559793509872638
2020-10-22,0.24830330115524155
2020-10-23,0.26609944582260947
2020-10-26,0.2508951501605516
2020-10-27,0.2514084717804007
2020-10-28,0.24705191806286445
2020-10-29,0.2516842953213419
2020-10-30,0.27059000824350365
2020-11-02,0.24622553079715875
2020-11-03,0.24759258305764056
2020-11-04,0.2519539382505712
2020-11-05,0.24120759995245336
2020-11-06,0.2662470814733331
2020-11-09,0.25446346707112655
2020-11-10,0.27533796814896905
2020-11-11,0.3032567758573661
2020-11-12,0.306584255327511
2020-11-13,0.3002313339775987
2020-11-16,0.3094487301725379
2020-11-17,0.3188640051498338
2020-11-18,0.3150516487273853
2020-11-19,0.3141255422046315
2020-11-20,0.310719730327523
2020-11-23,0.31266235020638633
2020-11-24,0.3141572498545472
2020-11-25,0.3253987889665932
2020-11-26,0.3341104473791687
2020-11-27,0.3456814464261708
2020-11-30,0.34619693686956843
2020-12-01,0.34225053597641075
2020-12-02,0.3512059683714803
2020-12-03,0.3636495441449956
2020-12-04,0.358572779040187
2020-12-07,0.35483405246798605
2020-12-08,0.3496614701390576
2020-12-09,0.3505498274531471
2020-12-10,0.3505861607750436
2020-12-11,0.34699032164154575
2020-12-14,0.3406635500551966
2020-12-15,0.34682929350392766
2020-12-16,0.34350549489169135
2020-12-17,0.3423663740955381
2020-12-18,0.33933962455824224
2020-12-21,0.32818232507204137
2020-12-22,0.3313516424991545
2020-12-23,0.3150358447169529
2020-12-24,0.3127650021416654
2020-12-25,0.3119771216742088
2020-12-28,0.2995883563413143
2020-12-29,0.3359597453770548
2020-12-30,0.32481113363447894
2020-12-31,0.32542389255094956
2021-01-04,0.30652639166220896
2021-01-05,0.3136867394575684
2021-01-06,0.32081439646611887
2021-01-07,0.3086839647339707
2021-01-08,0.32833675077895774
2021-01-11,0.33044632599278767
2021-01-12,0.32681117576939755
2021-01-13,0.32807082193456
2021-01-14,0.3591109023104673
2021-01-15,0.36461525533091277
2021-01-18,0.3520493590058003
2021-01-19,0.3668238448469342
2021-01-20,0.358213781589765
2021-01-21,0.3580818944178947
2021-01-22,0.3570080146866712
2021-01-25,0.3528578596742449
2021-01-26,0.36159831057607594
2021-01-27,0.3619781358217056
2021-01-28,0.37843458832554305
2021-01-29,0.3787425585782349
2021-02-01,0.36901559102896025
2021-02-02,0.36731569226913957
2021-02-03,0.3707834508064278
2021-02-04,0.36993027946563084
2021-02-05,0.39611451745584014
2021-02-08,0.40773508796055863
2021-02-09,0.40022958061594466
2021-02-10,0.40539151414066515
2021-02-18,0.4049401049095016
2021-02-19,0.40608305650351173
2021-02-22,0.4081990510637971
2021-02-23,0.41471913692263607
2021-02-24,0.41428493956196183
2021-02-25,0.4236717091311176
2021-02-26,0.4334739652565625
2021-03-01,0.42149720340195307
2021-03-02,0.4317225240949971
2021-03-03,0.42244980150977507
2021-03-04,0.4338920243330151
2021-03-05,0.44054137712935365
2021-03-08,0.44733400718132516
2021-03-09,0.47031702485324334
2021-03-10,0.47007052449402603
2021-03-11,0.45785137095035405
2021-03-12,0.46175341261426683
2021-03-15,0.4661011491976274
2021-03-16,0.46025698879598775
2021-03-17,0.4582615893314216
2021-03-18,0.4619559263794904
2021-03-19,0.4685486932273381
2021-03-22,0.46122749938833485
2021-03-23,0.48682166991897874
2021-03-24,0.49490000737237594
2021-03-25,0.5025668961258644
2021-03-26,0.49758755596130505
2021-03-29,0.4955166914180593
2021-03-30,0.5072858643698641
2021-03-31,0.5096502500669834
2021-04-01,0.5129456315166768
2021-04-02,0.5172556680318038
2021-04-06,0.5091041905902672
2021-04-07,0.49951514377705886
2021-04-08,0.5126302660408427
2021-04-09,0.5143382190657357
2021-04-12,0.5163001406645633
2021-04-13,0.5278097948360819
2021-04-14,0.5256102132230641
2021-04-15,0.5410046499773956
2021-04-16,0.5413659110888138
2021-04-19,0.541095504600765
2021-04-20,0.5439137441626396
2021-04-21,0.548011660062393
2021-04-22,0.5432073641266739
2021-04-23,0.5503105640059112
2021-04-26,0.5564695440687001
2021-04-27,0.5570996439717014
2021-04-28,0.5532112933171599
2021-04-29,0.5670477741246615
2021-04-30,0.559274832243622
2021-05-06,0.5526646642401538
2021-05-07,0.5643807140527204
2021-05-10,0.5440802230586559
2021-05-11,0.5494993391225669
2021-05-12,0.5376655180803943
2021-05-13,0.5432431052306105
2021-05-14,0.5479093243985136
2021-05-17,0.5500743004906877
2021-05-18,0.5365842122897649
2021-05-19,0.5311328172493534
2021-05-20,0.5316010314596136
2021-05-21,0.531747987241087
2021-05-24,0.5359347438206629
2021-05-25,0.5291987461645312
2021-05-26,0.5303166010112902
2021-05-27,0.5277345205374605
2021-05-28,0.5245555012563266
2021-05-31,0.49915153923008904
2021-06-01,0.5013298190987713
2021-06-02,0.5161818875289558
2021-06-03,0.5319552408073108
2021-06-04,0.5296970842049544
2021-06-07,0.5236361117807369
2021-06-08,0.5332254123399363
2021-06-09,0.5374252270394113
2021-06-10,0.5271296566918179
2021-06-11,0.5394949136968527
2021-06-15,0.5369464234469611
2021-06-16,0.5504797867342784
2021-06-17,0.5335067561899217
2021-06-18,0.5265738446121129
2021-06-21,0.5056086628445384
2021-06-22,0.5127260386231676
2021-06-23,0.5070101811308431
2021-06-24,0.5289666419179256
2021-06-25,0.5374798115861903
2021-06-28,0.5259532021965377
2021-06-29,0.5255854610761954
2021-06-30,0.5160072444707818
2021-07-01,0.5424671960520083
2021-07-02,0.5343589747212354
2021-07-05,0.5181690555976359
2021-07-06,0.5281290772555631
2021-07-07,0.5117545663114215
2021-07-08,0.505261772171893
2021-07-09,0.5113722690729158
2021-07-12,0.498977419457513
2021-07-13,0.5035388328135075
2021-07-14,0.5127169174290599
2021-07-15,0.5086514228945997
2021-07-16,0.5121841952972085
2021-07-19,0.5049522742334429
2021-07-20,0.49922524115488054
2021-07-21,0.4812344369327423
2021-07-22,0.47496770049143516
2021-07-23,0.47801781942785926
2021-07-26,0.4674146093424865
2021-07-27,0.486235374669134
2021-07-28,0.49371689695918025
2021-07-29,0.44536154335238143
2021-07-30,0.43477560044423896
2021-08-02,0.4324172892043172
2021-08-03,0.46404055203479033
2021-08-04,0.43443642783642367
2021-08-05,0.4437654790539183
2021-08-06,0.4416827100981116
2021-08-09,0.45991113156354213
2021-08-10,0.4595445783174683
2021-08-11,0.4516135229104072
2021-08-12,0.4452516913056017
2021-08-13,0.4528777891664507
2021-08-16,0.4702058944945434
2021-08-17,0.4904438601311893
2021-08-18,0.5003672448957658
2021-08-19,0.4962308513326757
2021-08-20,0.5000339186641564
2021-08-23,0.47382814967516157
2021-08-24,0.4772165931681499
2021-08-25,0.48047833619664937
2021-08-26,0.49427464322121384
2021-08-27,0.4990119269383905
2021-08-30,0.49214139050546424
2021-08-31,0.5114409779242812
2021-09-01,0.5493469369108092
2021-09-02,0.532256445596742
2021-09-03,0.5532321236859231
2021-09-06,0.5526348434199435
2021-09-07,0.5508573063778361
2021-09-08,0.5699181735794749
2021-09-09,0.5814196170317065
2021-09-10,0.578784541764022
2021-09-13,0.5841039897220528
2021-09-14,0.5760514107137157
2021-09-15,0.5673677944951167
2021-09-16,0.5848798183207272
2021-09-17,0.5851223414479608
2021-09-22,0.5811423016993792
2021-09-23,0.5978592193790631
2021-09-24,0.601301483825651
2021-09-27,0.6158819684200394
2021-09-28,0.6090606667437495
2021-09-29,0.6289347497473894
2021-09-30,0.6042969130808508
2021-10-08,0.6199492366760645
2021-10-11,0.6375186638892114
2021-10-12,0.6478473488189043
2021-10-13,0.6626005054759042
2021-10-14,0.6565518866739752
2021-10-15,0.66095736465864
2021-10-18,0.6388829227099135
2021-10-19,0.6352910936729033
2021-10-20,0.6264135846276426
2021-10-21,0.6249482075125387
2021-10-22,0.6427900443891379
2021-10-25,0.6212041661092155
2021-10-26,0.6278352708163542
2021-10-27,0.6138641438681477
2021-10-28,0.6224873328530806
2021-10-29,0.618512559773726
2021-11-01,0.6090591668797152
2021-11-02,0.6097939208520706
2021-11-03,0.6122458365103859
2021-11-04,0.5986228359260265
2021-11-05,0.6056102822551876
2021-11-08,0.6031778988151579
2021-11-09,0.6015303669048552
2021-11-10,0.5971002932818371
2021-11-11,0.5985238902451541
2021-11-12,0.582394271562354
2021-11-15,0.5898984661411582
2021-11-16,0.6002075843969812
2021-11-17,0.5853814694771026
2021-11-18,0.5905754960320113
2021-11-19,0.5892789860289183
2021-11-22,0.571766408822521
2021-11-23,0.5746395366755239
2021-11-24,0.5694278444314393
2021-11-25,0.5783202939780108
2021-11-26,0.5749361627944114
2021-11-29,0.5589780657342458
2021-11-30,0.5699938621708143
2021-12-01,0.5810469305927962
2021-12-02,0.6033117564880195
2021-12-03,0.6155133882466207
2021-12-06,0.6296436581957594
2021-12-07,0.6465691064380275
2021-12-08,0.6345723554048218
2021-12-09,0.6428040064728182
2021-12-10,0.638918580621299
2021-12-13,0.6358341294745851
2021-12-14,0.6266239048308377
2021-12-15,0.6294658858093698
2021-12-16,0.6296762967263079
2021-12-17,0.6412661171618439
2021-12-20,0.6540810667104544
2021-12-21,0.6591291778371482
2021-12-22,0.6625434714020251
2021-12-23,0.6690133791155917
2021-12-24,0.6878907952121197
2021-12-27,0.6906858633920764
2021-12-28,0.6975381131836902
2021-12-29,0.6982681867494311
2021-12-30,0.6890387822299314
2021-12-31,0.6959638166508477
2022-01-04,0.6932156057236848
2022-01-05,0.7020647039181862
2022-01-06,0.6930292072072268
2022-01-07,0.7124896369984652
2022-01-10,0.7107089238024016
2022-01-11,0.7170427294689523
2022-01-12,0.7106122375862668
2022-01-13,0.7109503399752003
2022-01-14,0.6951862657417166
2022-01-17,0.6901868241320164
2022-01-18,0.7172792355940533
2022-01-19,0.7148092637134164
2022-01-20,0.7329631554497305
2022-01-21,0.7519631975463619
2022-01-24,0.7515403216326619
2022-01-25,0.768617148460704
2022-01-26,0.7748092109849791
2022-01-27,0.7932400367668225
2022-01-28,0.7874321398322497
2022-02-07,0.7929742766264897
2022-02-08,0.7892761603989686
2022-02-09,0.7772262145177483
2022-02-10,0.778903111553984
2022-02-11,0.7864184008155612
2022-02-14,0.7785486143320505
2022-02-15,0.7836300697193453
2022-02-16,0.7826106375583504
2022-02-17,0.7921264416911322
2022-02-18,0.7843259689528189
2022-02-21,0.7701202805577061
2022-02-22,0.7709097614329129
2022-02-23,0.7776241929833041
2022-02-24,0.7946710740030156
2022-02-25,0.7961579885652158
2022-02-28,0.791527395051737
2022-03-01,0.7870897864971471
2022-03-02,0.7845553991024777
2022-03-03,0.787847479880133
2022-03-04,0.7971725131120166
2022-03-07,0.787965800873269
2022-03-08,0.7843605263867175
2022-03-09,0.7586097411695126
2022-03-10,0.7557285799198622
2022-03-11,0.7664930692619589
2022-03-14,0.7734974878458014
2022-03-15,0.7578138240280405
2022-03-16,0.7569121704041394
2022-03-17,0.756901314162899
2022-03-18,0.7657054859863784
2022-03-21,0.7538147518457337
2022-03-22,0.7713576965321062
2022-03-23,0.7822158110188971
2022-03-24,0.781967552390743
2022-03-25,0.7942673735154997
2022-03-28,0.8017229355191782
2022-03-29,0.8011768751321676
2022-03-30,0.7994290588564373
2022-03-31,0.8075076517813263
2022-04-01,0.8215707227357679
2022-04-06,0.8253766625353882
2022-04-07,0.8385360585515687
2022-04-08,0.8405947157115231
2022-04-11,0.8415299137747443
2022-04-12,0.84633494001811
2022-04-13,0.8647846937678249
2022-04-14,0.8617932471619923
2022-04-15,0.873640859595071
2022-04-18,0.8790187762921273
2022-04-19,0.8787069582816487
2022-04-20,0.8861576308728584
2022-04-21,0.8954309873075549
2022-04-22,0.9073629067121278
2022-04-25,0.9033292477976811
2022-04-26,0.8907884979758247
2022-04-27,0.8951727341253628
2022-04-28,0.8995357190424682
2022-04-29,0.8994697645757
2022-05-05,0.8935447316181103
2022-05-06,0.8924103037721388
2022-05-09,0.8931983944149743
2022-05-10,0.8788165496031095
2022-05-11,0.872916654024041
2022-05-12,0.8739788207014477
2022-05-13,0.876977300438072
2022-05-16,0.8818587466312958
2022-05-17,0.8804911533789674
2022-05-18,0.8823919032550911
2022-05-19,0.8771852187390697
2022-05-20,0.884838838913527
2022-05-23,0.8878552566101561
2022-05-24,0.9043089998215551
2022-05-25,0.9087882151855375
2022-05-26,0.9196684847095418
2022-05-27,0.919512691085372
2022-05-30,0.9212662824138947
2022-05-31,0.9248815925653483
2022-06-01,0.9213288414889931
2022-06-02,0.9216687587016651
2022-06-06,0.9156791114208731
2022-06-07,0.9222781497578829
2022-06-08,0.9267265811128274
2022-06-09,0.9419886847016695
2022-06-10,0.935427366993206
2022-06-13,0.9283468673569873
2022-06-14,0.936947155831439
2022-06-15,0.952346454833619
2022-06-16,0.9487539669124025
2022-06-17,0.941342102620378
2022-06-20,0.9446325985023326
2022-06-21,0.9611271561229562
2022-06-22,0.9568679646853084
2022-06-23,0.9442886117452528
2022-06-24,0.9411591277065543
2022-06-27,0.9395801796479358
2022-06-28,0.9432548019775618
2022-06-29,0.969481913139181
2022-06-30,0.9644814220066703
2022-07-01,0.9708134808043016
2022-07-04,0.9703488063430062
2022-07-05,0.9768937148713548
2022-07-06,0.967642135553312
2022-07-07,0.9575767144672792
2022-07-08,0.9654960023980179
2022-07-11,0.9644241630384806
2022-07-12,0.9821074113733397
2022-07-13,0.9807935438787079
2022-07-14,0.9594420659338561
2022-07-15,0.9429130966853781
2022-07-18,0.9428610124751581
2022-07-19,0.9444600327902987
2022-07-20,0.9461255854470435
2022-07-21,0.9453186736038475
2022-07-22,0.9439676669650812
2022-07-25,0.9544095914002794
2022-07-26,0.951847052951408
2022-07-27,0.936781283644967
2022-07-28,0.9368215123079869
2022-07-29,0.9264780963822647
2022-08-01,0.9207001011113705
2022-08-02,0.9251167616831164
2022-08-03,0.9347971945268069
2022-08-04,0.9351689687821528
2022-08-05,0.9514850018168881
2022-08-08,0.9368303249170011
2022-08-09,0.9280632934571291
2022-08-10,0.9171141554723704
2022-08-11,0.9309947618596974
2022-08-12,0.948051717128566
2022-08-15,0.9354157344734922
2022-08-16,0.9304399034951985
2022-08-17,0.9336999312623198
2022-08-18,0.9127816221565641
2022-08-19,0.9379290145119071
2022-08-22,0.952106178065257
2022-08-23,0.9409501191164583
2022-08-24,0.9704198904839737
2022-08-25,0.9961963092610282
2022-08-26,1.0088817357460944
2022-08-29,1.0063665697377548
2022-08-30,1.0242542801581964
2022-08-31,1.0519890608104276
2022-09-01,1.0577251676502486
2022-09-02,1.0467558648986883
2022-09-05,1.0471541130466249
2022-09-06,1.0393431089089453
2022-09-07,1.028734677883254
2022-09-08,1.0391765869811322
2022-09-09,1.0575062836848432
2022-09-13,1.0572942607532103
2022-09-14,1.058936991639733
2022-09-15,1.0807468474680344
2022-09-16,1.0735831829387381
2022-09-19,1.0699133410657806
2022-09-20,1.0609191826196198
2022-09-21,1.0668122098288062
2022-09-22,1.0571863047523824
2022-09-23,1.0713784846962835
2022-09-26,1.061269541202584
2022-09-27,1.069112690144013
2022-09-28,1.0839438868438716
2022-09-29,1.0882816282157561
2022-09-30,1.109572210923723
2022-10-10,1.114995664701472
2022-10-11,1.1091463294029584
2022-10-12,1.1072596588820443
2022-10-13,1.1018326965560226
2022-10-14,1.0943128235981423
2022-10-17,1.0876743547286114
2022-10-18,1.0777074514291216
2022-10-19,1.0772522040677186
2022-10-20,1.0804370003317147
2022-10-21,1.0781445061037316
2022-10-24,1.0709163790638978
2022-10-25,1.076887569232663
2022-10-26,1.058825855086857
2022-10-27,1.0771130261720394
2022-10-28,1.076636635216684
2022-10-31,1.059107180128532
2022-11-01,1.0603219739935141
2022-11-02,1.0564303717120167
2022-11-03,1.0473864624203533
2022-11-04,1.0508080359875405
2022-11-07,1.0604974545708505
2022-11-08,1.065373828237076
2022-11-09,1.0668363443803255
2022-11-10,1.0764623683005918
2022-11-11,1.095919822999036
2022-11-14,1.0972968450162923
2022-11-15,1.0893601145148564
2022-11-16,1.0988943008078786
2022-11-17,1.090090457874493
2022-11-18,1.092884360449932
2022-11-21,1.0832708353722122
2022-11-22,1.1065426592460756
2022-11-23,1.1200235294367558
2022-11-24,1.1173272186018526
2022-11-25,1.1338735900322015
2022-11-28,1.1320754093101246
2022-11-29,1.131916519838978
2022-11-30,1.1336750192634182
2022-12-01,1.1341488627029317
2022-12-02,1.1374401896860336
2022-12-05,1.1459758524782508
2022-12-06,1.1541360560125737
2022-12-07,1.150981204504322
2022-12-08,1.1537510637937953
2022-12-09,1.1506577226811503
2022-12-12,1.1351182222443306
2022-12-13,1.1439575743342083
2022-12-14,1.1523886754076536
2022-12-15,1.1553586606156407
2022-12-16,1.1499505387896602
2022-12-19,1.1522405949571095
2022-12-20,1.1710346181590239
2022-12-21,1.165335588830032
2022-12-22,1.1631708825418365
2022-12-23,1.1677025746139793
2022-12-26,1.1710915364572134
2022-12-27,1.1805906422823609
2022-12-28,1.1827072561736804
2022-12-29,1.1833385329701913
2022-12-30,1.1884111559357382
2023-01-03,1.1846314561862081
2023-01-04,1.188801786461209
2023-01-05,1.1913339116815553
2023-01-06,1.1958846717702036
2023-01-09,1.1943285927126743
2023-01-10,1.1893752029948632
2023-01-11,1.1979803859367626
2023-01-12,1.201854631770984
2023-01-13,1.2149984891883148
2023-01-16,1.220352981772482
2023-01-17,1.2258906116996697
2023-01-18,1.2316231190439635
2023-01-19,1.2390617093529754
2023-01-20,1.2410198115665514
2023-01-30,1.2328764352742505
2023-01-31,1.2380601383103729
2023-02-01,1.2316494155534539
2023-02-02,1.2322035447567166
2023-02-03,1.2242849665217332
2023-02-06,1.2269182743856888
2023-02-07,1.229606594223784
2023-02-08,1.2324762630490493
2023-02-09,1.2300531826982388
2023-02-10,1.2385129706776152
2023-02-13,1.2335469689148233
2023-02-14,1.240597742138847
2023-02-15,1.228835480329679
2023-02-16,1.2447591315656288
2023-02-17,1.262693619505163
2023-02-20,1.260011359275942
2023-02-21,1.2662579240705196
2023-02-22,1.2658444522697245
2023-02-23,1.275201775577924
2023-02-24,1.2745240414319021
2023-02-27,1.2806809053195778
2023-02-28,1.2819619265240627
2023-03-01,1.2716542585487416
2023-03-02,1.272195698201926
2023-03-03,1.280549897980254
2023-03-06,1.2820974875476097
2023-03-07,1.2897771197502814
2023-03-08,1.2840567422175333
2023-03-09,1.2898467803372604
2023-03-10,1.2929890738962118
2023-03-13,1.2808879227240446
2023-03-14,1.281431943528108
2023-03-15,1.2913559151436378
2023-03-16,1.288479842674905
2023-03-17,1.276458761918861
2023-03-20,1.2805032212007048
2023-03-21,1.2856726024841234
2023-03-22,1.2798329479486594
2023-03-23,1.2736309437875306
2023-03-24,1.2726811229397592
2023-03-27,1.2625463726797896
2023-03-28,1.278280454004396
2023-03-29,1.271421867245359
2023-03-30,1.2845489770599348
2023-03-31,1.276206330992533
2023-04-03,1.2545106884192276
2023-04-04,1.2471792338341863
2023-04-06,1.244060575776729
2023-04-07,1.2407552598786995
2023-04-10,1.2643947471558679
2023-04-11,1.2511265354172587
2023-04-12,1.2361009409046748
2023-04-13,1.2452536533113443
2023-04-14,1.2436756130256266
2023-04-17,1.2658383548579721
2023-04-18,1.264253115732643
2023-04-19,1.251355862173186
2023-04-20,1.2232848676161618
2023-04-21,1.2498373017541746
2023-04-24,1.2498442425762255
2023-04-25,1.2546843753807349
2023-04-26,1.2836762962617163
2023-04-27,1.3042510212602014
2023-04-28,1.2896558952772141
2023-05-04,1.2995946639219464
2023-05-05,1.3030640351530318
2023-05-08,1.3054785637212447
2023-05-09,1.3228407458737823
2023-05-10,1.3229275880243145
2023-05-11,1.32523434472936
2023-05-12,1.333132348851022
2023-05-15,1.332711828731709
2023-05-16,1.3430375376222579
2023-05-17,1.3387533038718342
2023-05-18,1.3224563419390798
2023-05-19,1.3332690168083428
2023-05-22,1.3437913501982597
2023-05-23,1.356470274002849
2023-05-24,1.345476891886844
2023-05-25,1.3404327922619077
2023-05-26,1.3341156769470446
2023-05-29,1.3283617150559386
2023-05-30,1.3137892376901188
2023-05-31,1.3080079001728926
2023-06-01,1.3019022696058657
2023-06-02,1.313585420456218
2023-06-05,1.3021270411773613
2023-06-06,1.306377844436164
2023-06-07,1.2939242544815146
2023-06-08,1.31043326497681
2023-06-09,1.297905800437985
2023-06-12,1.2983381793382673
2023-06-13,1.2925203994049825
2023-06-14,1.2906941305154873
2023-06-15,1.2974756650594073
2023-06-16,1.2927487918717495
2023-06-19,1.2746129907760844
2023-06-20,1.2683981766999055
2023-06-21,1.2869873609374558
2023-06-26,1.3008230910153913
2023-06-27,1.3089955120969339
2023-06-28,1.3235272386178956
2023-06-29,1.3145890982762853
2023-06-30,1.3152970400785782
2023-07-03,1.327029674037993
2023-07-04,1.3167296313807246
2023-07-05,1.3265354073542124
2023-07-06,1.3151689678854903
2023-07-07,1.3277672116963166
2023-07-10,1.3361658199552422
2023-07-11,1.3350337544175632
2023-07-12,1.3414581577431104
2023-07-13,1.342904321547545
2023-07-14,1.3442960965926556
2023-07-17,1.3501752614205131
2023-07-18,1.3561468797020575
2023-07-19,1.3630572599439446
2023-07-20,1.3770071187493655
2023-07-21,1.3990839873806291
2023-07-24,1.4043799259110539
2023-07-25,1.4058145012751686
2023-07-26,1.4241941738227788
2023-07-27,1.4337159407897193
2023-07-28,1.4413861221700497
2023-07-31,1.4373973848964214
2023-08-01,1.4429963608955432
2023-08-02,1.4398186910254989
2023-08-03,1.4413681172286956
2023-08-04,1.4344870336617483
2023-08-07,1.4273522154271554
2023-08-08,1.4332917564286147
2023-08-09,1.4378965543393227
2023-08-10,1.445858963503344
2023-08-11,1.4504683954313482
2023-08-14,1.4499234577949727
2023-08-15,1.4518802796037178
2023-08-16,1.4442455172598851
2023-08-17,1.451037763047078
2023-08-18,1.4633338557332858
2023-08-21,1.4609345054447076
2023-08-22,1.4517305892166088
2023-08-23,1.454861397792548
2023-08-24,1.4645325435756367
2023-08-25,1.480318398783369
2023-08-28,1.4832971877557664
2023-08-29,1.4615837143068702
2023-08-30,1.4520350841917269
2023-08-31,1.4504332118978494
2023-09-01,1.4690897397990144
2023-09-04,1.47823749475994
2023-09-05,1.4868118156943844
2023-09-06,1.4831226597318266
2023-09-07,1.4913300034939563
2023-09-08,1.4870515313459807
2023-09-11,1.4990805840022734
2023-09-12,1.5079188960468912
2023-09-13,1.5109678140520655
2023-09-14,1.523540350318006
2023-09-15,1.5308090147918938
2023-09-18,1.5310800636588453
2023-09-19,1.5433213851447516
2023-09-20,1.5472601529495082
2023-09-21,1.5420337231903227
2023-09-22,1.5327766983977777
2023-09-25,1.5270560464209373
2023-09-26,1.528633365748805
2023-09-27,1.5372113668326242
2023-09-28,1.5265965496151148
2023-10-09,1.5155105547670586
2023-10-10,1.505308709611697
2023-10-11,1.495620033553155
2023-10-12,1.5055893167381709
2023-10-13,1.490714359297229
2023-10-16,1.4973858239006081
2023-10-17,1.5084928381985812
2023-10-18,1.5061280978090823
2023-10-19,1.5185053288244421
2023-10-20,1.5326507876412898
2023-10-23,1.525815434247362
2023-10-24,1.522724973519821
2023-10-25,1.5182358334462094
2023-10-26,1.5188496699044736
2023-10-27,1.5319386055967852
2023-10-30,1.520787197453814
2023-10-31,1.5284172265729603
2023-11-01,1.53375139291433
2023-11-02,1.5419239889117953
2023-11-03,1.5381225923733044
2023-11-06,1.517142051248273
2023-11-07,1.5031490605931481
2023-11-08,1.4926280221440007
2023-11-09,1.5132789165531653
2023-11-10,1.5152641167262866
2023-11-13,1.5120477928292342
2023-11-14,1.5011760895681292
2023-11-15,1.5015181057556848
2023-11-16,1.5016578382967714
2023-11-17,1.4967268589192826
2023-11-20,1.489852140730017
2023-11-21,1.5014431214925947
2023-11-22,1.5123056924373866
2023-11-23,1.512575488208282
2023-11-24,1.5279770350475195
2023-11-27,1.5260990564968968
2023-11-28,1.523528829795376
2023-11-29,1.5239306748843324
2023-11-30,1.5299530992343033
2023-12-01,1.5230923582806708
2023-12-04,1.5202359769112783
2023-12-05,1.5269998259010127
2023-12-06,1.5282650373843638
2023-12-07,1.5304400158477145
2023-12-08,1.5309848261603691
2023-12-11,1.5225293769966048
2023-12-12,1.5207728074920248
2023-12-13,1.5217203178815626
2023-12-14,1.5329451141954078
2023-12-15,1.5352634412076704
2023-12-18,1.5342020568593833
2023-12-19,1.5371397357734746
2023-12-20,1.5451421748524692
2023-12-21,1.5481957045897705
2023-12-22,1.5687804440890643
2023-12-25,1.5680130821711964
2023-12-26,1.5720379990775284
2023-12-27,1.5767915591919561
2023-12-28,1.5849405078546182
2023-12-29,1.5753055365411817
2024-01-02,1.5881307003904026
2024-01-03,1.5971761063873835
2024-01-04,1.6015496817600576
2024-01-05,1.618110941722531
2024-01-08,1.6132461500334108
2024-01-09,1.6135679426716
2024-01-10,1.6241751409173686
2024-01-11,1.6119410188607721
2024-01-12,1.6253550251267348
2024-01-15,1.6263392314172944
2024-01-16,1.6269718874849657
2024-01-17,1.638715054229799
2024-01-18,1.6298317249757985
2024-01-19,1.6465042927990938
2024-01-22,1.653690009643794
2024-01-23,1.6579626470688538
2024-01-24,1.6664307458084324
2024-01-25,1.677422083456807
2024-01-26,1.6863703953109104
2024-01-29,1.706186372180341
2024-01-30,1.7159761361093364
2024-01-31,1.7282755221033592
2024-02-01,1.7341765963257487
2024-02-02,1.7339277599707859
2024-02-05,1.7682290716686233
2024-02-06,1.7828378558112092
2024-02-07,1.749646988909575
2024-02-08,1.7802285734036027
2024-02-19,1.7667753060827671
2024-02-20,1.7606374915356748
2024-02-21,1.7551336519547787
2024-02-22,1.7332208979088537
2024-02-23,1.6973198666641582
2024-02-26,1.675419064296049
2024-02-27,1.6548663732178432
2024-02-28,1.7199615004621263
2024-02-29,1.6892532338588038
2024-03-01,1.6731842252088256
2024-03-04,1.667869072654605
2024-03-05,1.6875459418990089
2024-03-06,1.6789540137224976
2024-03-07,1.6972990038229805
2024-03-08,1.6842878522600417
2024-03-11,1.6725490140006136
2024-03-12,1.6589955597588666
2024-03-13,1.6464241901157481
2024-03-14,1.6575712781690035
2024-03-15,1.649714887698558
2024-03-18,1.6301194256492055
2024-03-19,1.6263656660611616
2024-03-20,1.6162470326016076
2024-03-21,1.6149008513932075
2024-03-22,1.6122168512959074
2024-03-25,1.6395208053032677
2024-03-26,1.6456450629232415
2024-03-27,1.6759146907734768
2024-03-28,1.6460137042081178
2024-03-29,1.6505137939381425
2024-04-01,1.6513863245139084
2024-04-02,1.6618649556756033
2024-04-03,1.6878995737066242
2024-04-08,1.7081677804458535
2024-04-09,1.702979075560272
2024-04-10,1.7137677329306633
2024-04-11,1.7262719713017867
2024-04-12,1.7286028707396266
2024-04-15,1.7782484123774793
2024-04-16,1.8202306729229627
2024-04-17,1.7806734480161965
2024-04-18,1.79106159548069
2024-04-19,1.792101377242523
2024-04-22,1.8106071783384698
2024-04-23,1.7807273813371343
2024-04-24,1.748056533918833
2024-04-25,1.7456787451821005
2024-04-26,1.7440464989008688
2024-04-29,1.7285145226657515
2024-04-30,1.7371266089018425
2024-05-06,1.7281825076455612
2024-05-07,1.715861478026592
2024-05-08,1.7246957254156199
2024-05-09,1.726152516308004
2024-05-10,1.7455349558882072
2024-05-13,1.7696712605981118
2024-05-14,1.763476444406915
2024-05-15,1.7588430288173666
2024-05-16,1.7402963065260377
2024-05-17,1.7276812573846099
2024-05-20,1.7300833788557926
2024-05-21,1.7348986025078679
2024-05-22,1.7274133580207593
2024-05-23,1.7332049609781184
2024-05-24,1.7488527992308414
2024-05-27,1.755094448889177
2024-05-28,1.758395360395897
2024-05-29,1.756472256949725
2024-05-30,1.7727532991374029
2024-05-31,1.7771734200617157
2024-06-03,1.778969920432785
2024-06-04,1.786916616841124
2024-06-05,1.7965311896379221
2024-06-06,1.8059513541067607
2024-06-07,1.8127827224163817
2024-06-11,1.804190196241574
2024-06-12,1.7894168569643834
2024-06-13,1.782289757015571
2024-06-14,1.7857306663479906
2024-06-17,1.780556352453136
2024-06-18,1.7691837865294384
2024-06-19,1.7699481855844676
2024-06-20,1.7774629900724106
2024-06-21,1.789079352478234
2024-06-24,1.7987045510481812
2024-06-25,1.8057181460424794
2024-06-26,1.803409442471643
2024-06-27,1.8114240199593277
2024-06-28,1.8054899164766032
2024-07-01,1.8179667615239705
2024-07-02,1.816000511783488
2024-07-03,1.8297271431920639
2024-07-04,1.8409024710120319
2024-07-05,1.8437628761506428
2024-07-08,1.849561958790341
2024-07-09,1.8354409663858253
2024-07-10,1.8378076597537225
2024-07-11,1.8335664407735937
2024-07-12,1.840980874667288
2024-07-15,1.8516626863569356
2024-07-16,1.846000690721587
2024-07-17,1.8694595597982266
2024-07-18,1.8774289722692574
2024-07-19,1.8757061104265667
2024-07-22,1.866782870673431
2024-07-23,1.8657439674979985
2024-07-24,1.8756853036896455
2024-07-25,1.8815011963516974
2024-07-26,1.8837906619681573
2024-07-29,1.8725632744194127
2024-07-30,1.8710163346207158
2024-07-31,1.8724317729300757
2024-08-01,1.866092382842398
2024-08-02,1.8845183762260733
2024-08-05,1.9078223683929898
2024-08-06,1.8994308720007433
2024-08-07,1.9056088455250426
2024-08-08,1.9214203684592874
2024-08-09,1.9314940839461365
2024-08-12,1.9414085578346805
2024-08-13,1.9405874354731663
2024-08-14,1.9370604239500282
2024-08-15,1.9334658394521436
2024-08-16,1.9371782938798465
2024-08-19,1.9472522359798532
2024-08-20,1.9510889827221125
2024-08-21,1.9524627031881276
2024-08-22,1.9657453961356632
2024-08-23,1.9714472310686733
2024-08-26,1.9726079614730987
2024-08-27,1.9812756938195974
2024-08-28,1.9842362976986514
2024-08-29,1.9815414721367346
2024-08-30,1.9706137631428318
2024-09-02,1.9704075018852227
2024-09-03,1.9643765946339269
2024-09-04,1.9703775632241542
2024-09-05,1.9700072890535232
2024-09-06,1.9807465873645123
2024-09-09,1.976735272412232
2024-09-10,1.9718734641940443
2024-09-11,1.971007584819346
2024-09-12,1.9746645897301176
2024-09-13,1.9879039678066728
2024-09-18,1.9916791926486075
2024-09-19,1.9886670753927569
2024-09-20,1.983118589721891
2024-09-23,1.9843327193183677
2024-09-24,1.9910574305467217
2024-09-25,1.9893431595548277
2024-09-26,1.986415793595412
2024-09-27,1.9749975714387669
2024-09-30,1.920269851259018
2024-10-08,1.7701302082204777
2024-10-09,1.8369204995953714
2024-10-10,1.8978641134818586
2024-10-11,1.9360612754846622
2024-10-14,1.8997682484133294
2024-10-15,1.8971010906371648
2024-10-16,1.9144766622300884
2024-10-17,1.8935494976654843
2024-10-18,1.8425091649232395
2024-10-21,1.8050261448278877
2024-10-22,1.8353953624204868
2024-10-23,1.8445959847309612
2024-10-24,1.8542110698436571
2024-10-25,1.8469472970405139
2024-10-28,1.8520974927665794
2024-10-29,1.8631431937919758
2024-10-30,1.8688815209069674
2024-10-31,1.8501813848264517
2024-11-01,1.9090333270183257
2024-11-04,1.898791924178281
2024-11-05,1.8599686956717347
2024-11-06,1.8557193630314774
2024-11-07,1.8685209601995456
2024-11-08,1.8498607324187044
2024-11-11,1.822316858941096
2024-11-12,1.846021771957274
2024-11-13,1.8500866796107214
2024-11-14,1.8715467584087642
2024-11-15,1.898218471725593
2024-11-18,1.9419586108715088
2024-11-19,1.9172924559893976
2024-11-20,1.9046601490181883
2024-11-21,1.9079023237840265
2024-11-22,1.9190474379001448
2024-11-25,1.920408893548582
2024-11-26,1.9461861002040446
2024-11-27,1.9286865503615236
2024-11-28,1.9349736998729288
2024-11-29,1.9222715260661254
2024-12-02,1.9133258185652797
2024-12-03,1.9212367138786428
2024-12-04,1.9276101620593666
2024-12-05,1.9097262387963518
2024-12-06,1.9158457042775652
2024-12-09,1.9170121998114968
2024-12-10,1.9070935642495193
2024-12-11,1.9036930336292919
2024-12-12,1.9123272884949967
2024-12-13,1.9070449260039302
2024-12-16,1.919956810955808
2024-12-17,1.9585982460989875
2024-12-18,1.9513682068224207
2024-12-19,1.9486737836229597
2024-12-20,1.9318707873140317
2024-12-23,1.9742275059409842
2024-12-24,1.9813585003143117
2024-12-25,1.9975136522047847
2024-12-26,1.9779554686373786
2024-12-27,1.9889975656002459
2024-12-30,2.0038574742820763
2024-12-31,2.014292886184554
2025-01-02,1.9980062053415357
2025-01-03,2.0340418727507905
2025-01-06,2.0604467762080136
2025-01-07,2.0282031426773974
2025-01-08,2.0140221519309485
2025-01-09,2.009231042391944
2025-01-10,2.032359039786598
2025-01-13,2.047677978169819
2025-01-14,2.0178601783647547
2025-01-15,2.0227161687865127
2025-01-16,2.02101922770528
2025-01-17,2.0307952617428318
2025-01-20,2.0196507763894918
2025-01-21,2.00645736946055
2025-01-22,2.0144236590315905
2025-01-23,2.027792611729773
2025-01-24,2.0175695714407182
2025-01-27,2.053590048092932
2025-02-05,2.031091897112292
2025-02-06,2.0057520511826903
2025-02-07,1.9996600154239126
2025-02-10,1.975569504344952
2025-02-11,1.9758220793578136
2025-02-12,1.9609221699463912
2025-02-13,1.9726502021561605
2025-02-14,1.970190770309566
2025-02-17,1.9553809975005854
2025-02-18,1.9836842129900614
2025-02-19,1.947691061968012
2025-02-20,1.945145528817718
2025-02-21,1.917772873050914
2025-02-24,1.9306801671352236
2025-02-25,1.9226830541453976
2025-02-26,1.9185326461353651
2025-02-27,1.9331118351363243
2025-02-28,1.9786625173492358
2025-03-03,1.9830269737682389
2025-03-04,1.9680246962412469
2025-03-05,1.9522783370907903
2025-03-06,1.928665500513025
2025-03-07,1.9380333606494649
2025-03-10,1.942187554716496
2025-03-11,1.9471801460116107
2025-03-12,1.944845573441691
2025-03-13,1.9729010684495403
2025-03-14,1.9727614390159807
2025-03-17,1.9703208007624902
2025-03-18,1.9697702465045677
2025-03-19,1.9778824596270073
2025-03-20,1.9869229690252237
2025-03-21,2.0112114316160565
2025-03-24,2.0254501117683654
2025-03-25,2.0493920943245656
2025-03-26,2.044555058871421
2025-03-27,2.060472781728889
2025-03-28,2.064803886201169
2025-03-31,2.065186964612777
2025-04-01,2.072675348481265
2025-04-02,2.07241836854384
2025-04-03,2.0835398120669346
2025-04-07,2.102285194427541
2025-04-08,2.0927189089175573
2025-04-09,2.089045412708215
2025-04-10,2.082731714705605
2025-04-11,2.0861661232745847
2025-04-14,2.077621234036697
2025-04-15,2.0844801346492963
2025-04-16,2.0931776618572115
2025-04-17,2.092922369752207
2025-04-18,2.1106257770052146
2025-04-21,2.1008002729379416
2025-04-22,2.1035294734222307
2025-04-23,2.1052567731134713
2025-04-24,2.11165905246649
2025-04-25,2.121421638145118
2025-04-28,2.1280136769154305
2025-04-29,2.124415737050535
2025-04-30,2.120638778429532
2025-05-06,2.104752880090024
2025-05-07,2.098937968682163
2025-05-08,2.0974185120198263
2025-05-09,2.112552069788674
2025-05-12,2.0991091193642166
2025-05-13,2.0997947001470805
2025-05-14,2.102540519390326
2025-05-15,2.11130178962153
2025-05-16,2.0992934360620463
2025-05-19,2.1002384243442136
2025-05-20,2.10117400353667
2025-05-21,2.1117679508268257
2025-05-22,2.1178498365028497
2025-05-23,2.1224615687756527
2025-05-26,2.112753342176738
2025-05-27,2.11043534687167
2025-05-28,2.1196950758177286
2025-05-29,2.112829348492967
2025-05-30,2.1333330709919456
2025-06-03,2.123949606023536
2025-06-04,2.123340852327517
2025-06-05,2.124666341191777
2025-06-06,2.1354905790967793
2025-06-09,2.118528408048355
2025-06-10,2.1152214489432417
2025-06-11,2.122184915714013
2025-06-12,2.1144665387968176
2025-06-13,2.131098468380569
2025-06-16,2.1181484462649878
2025-06-17,2.1296091258201315
2025-06-18,2.1317282505260122
2025-06-19,2.1462175982880836
2025-06-20,2.1596961945296327
2025-06-23,2.142719376045155
2025-06-24,2.14789322030495
2025-06-25,2.1508084843895356
2025-06-26,2.1482142497265166
2025-06-27,2.1485538060398306
2025-06-30,2.12908483824048
2025-07-01,2.132400972707566
2025-07-02,2.1510438321317586
2025-07-03,2.145433844556215
2025-07-04,2.1529765917870876
2025-07-07,2.1496955409195957
2025-07-08,2.1440413737073927
2025-07-09,2.1503815447787145
2025-07-10,2.166037896486961
2025-07-11,2.1671123019908474
2025-07-14,2.1714530383101787
2025-07-15,2.17355188143571
2025-07-16,2.1788179917408677
2025-07-17,2.1655243699448694
2025-07-18,2.1720245462765995
2025-07-21,2.1753598029229293
2025-07-22,2.182726192274795
2025-07-23,2.190295963642287
2025-07-24,2.191859887588518
2025-07-25,2.200948867808781
2025-07-28,2.1890355087809916
2025-07-29,2.1766855243156953
2025-07-30,2.1849682859675172
2025-07-31,2.178468002466905
2025-08-01,2.1852409185278785
2025-08-04,2.178699966751448
2025-08-05,2.184161822185357
2025-08-06,2.1805336865091745
2025-08-07,2.181513248537151
2025-08-08,2.181648727757594
2025-08-11,2.1711192898358656
2025-08-12,2.1774424370164787
2025-08-13,2.167300805043728
2025-08-14,2.178840876715958
2025-08-15,2.1595443078172183
2025-08-18,2.142411744339441
2025-08-19,2.1505042706733186
2025-08-20,2.165132531076609
2025-08-21,2.1878490634872527
2025-08-22,2.172838770114303
2025-08-25,2.1628075502277433
2025-08-26,2.180348208630278
2025-08-27,2.1778886282075174
2025-08-28,2.156763488332955
2025-08-29,2.1604197506211182
2025-09-01,2.1513091741173276
2025-09-02,2.178200038179764
2025-09-03,2.1762060471228737
2025-09-04,2.217126494908836
2025-09-05,2.1870627890521344
2025-09-08,2.189899077571723
2025-09-09,2.2050998889282933
2025-09-10,2.201294664449389
2025-09-11,2.176462339498855
2025-09-12,2.174845675470696
2025-09-15,2.1730083134500466
2025-09-16,2.167114803531019
2025-09-17,2.163632070048862
2025-09-18,2.1590636014212548
2025-09-19,2.1710898067831947
2025-09-22,2.151566986808378
2025-09-23,2.154522668692613
2025-09-24,2.150464706305711
2025-09-25,2.1504429535844216
2025-09-26,2.173813848692246
2025-09-29,2.1601450716219635
2025-09-30,2.1545005988107047
2025-10-09,2.1555945703306363
2025-10-10,2.18909542007067
2025-10-13,2.1849286296689057
2025-10-14,2.214910061546163
2025-10-15,2.207427819870246
2025-10-16,2.2147600482553536
2025-10-17,2.2376518348085503
2025-10-20,2.2321244340929365
2025-10-21,2.2237782029736084
2025-10-22,2.2332426757167894
2025-10-23,2.247881387560453
2025-10-24,2.2310763218852143
2025-10-27,2.220112593188668
2025-10-28,2.22020294178986
2025-10-29,2.21359947590349
2025-10-30,2.2219333528660523
2025-10-31,2.2271867903626483
2025-11-03,2.224520937604831
2025-11-04,2.23228415941608
2025-11-05,2.229412656260358
2025-11-06,2.2274405984105474
2025-11-07,2.235790958838782
2025-11-10,2.2395284590365465
2025-11-11,2.241921300381668
2025-11-12,2.2444674554037802
2025-11-13,2.2353812351471074
2025-11-14,2.2439320002351306
2025-11-17,2.2329199487308142
2025-11-18,2.2477052185410993
2025-11-19,2.253521855853729
2025-11-20,2.2638541062574387
2025-11-21,2.280540591667873
2025-11-24,2.2745741059271154
2025-11-25,2.259237627561358
2025-11-26,2.262850733042636
2025-11-27,2.2622825449207116
2025-11-28,2.251863624973958
2025-12-01,2.2578126833519274
2025-12-02,2.255408121005133
2025-12-03,2.2659100721228946
2025-12-04,2.273445198775065
2025-12-05,2.2625370787719135
2025-12-08,2.2427334866148816
2025-12-09,2.242556687571781
2025-12-10,2.2432568079960915
2025-12-11,2.258046254883615
2025-12-12,2.2562784834443983
2025-12-15,2.261368913793489
2025-12-16,2.2793714761022392
2025-12-17,2.2773344124482975
2025-12-18,2.284367529071978
2025-12-19,2.281362078432253
2025-12-22,2.2772206991253343
2025-12-23,2.2795266077217526
2025-12-24,2.269069458294397
2025-12-25,2.2639088769960525
2025-12-26,2.257003871308283
2025-12-29,2.2571848675821578
2025-12-30,2.2616720417992977
2025-12-31,2.2637874006475958
