Date,ret
2018-01-02,-0.0
2018-01-03,-0.0
2018-01-04,-0.0
2018-01-05,-0.0
2018-01-08,-0.0
2018-01-09,-0.0
2018-01-10,-0.0
2018-01-11,-0.0
2018-01-12,-0.0
2018-01-15,-0.0
2018-01-16,-0.0
2018-01-17,-0.0
2018-01-18,-0.0
2018-01-19,-0.0
2018-01-22,-0.0
2018-01-23,-0.0
2018-01-24,-0.0
2018-01-25,-0.0
2018-01-26,-0.0
2018-01-29,-0.0
2018-01-30,-0.0
2018-01-31,-0.0
2018-02-01,-0.0
2018-02-02,-0.0
2018-02-05,-0.0
2018-02-06,-0.0
2018-02-07,-0.0
2018-02-08,-0.0
2018-02-09,-0.0
2018-02-12,-0.0
2018-02-13,-0.0
2018-02-14,-0.0
2018-02-22,-0.0
2018-02-23,-0.0
2018-02-26,-0.0
2018-02-27,-0.0
2018-02-28,-0.0
2018-03-01,-0.0
2018-03-02,-0.0
2018-03-05,-0.0
2018-03-06,-0.0
2018-03-07,-0.0
2018-03-08,-0.0
2018-03-09,-0.0
2018-03-12,-0.0
2018-03-13,-0.0
2018-03-14,-0.0
2018-03-15,-0.0
2018-03-16,-0.0
2018-03-19,-0.0
2018-03-20,-0.0
2018-03-21,-0.0
2018-03-22,-0.0
2018-03-23,-0.0
2018-03-26,-0.0
2018-03-27,-0.0
2018-03-28,-0.0
2018-03-29,-0.0
2018-03-30,-0.0
2018-04-02,-0.0
2018-04-03,-0.0
2018-04-04,-0.0
2018-04-09,-0.0
2018-04-10,-0.0
2018-04-11,-0.0
2018-04-12,-0.0
2018-04-13,-0.0
2018-04-16,-0.0
2018-04-17,-0.0
2018-04-18,-0.0
2018-04-19,-0.0
2018-04-20,-0.0
2018-04-23,-0.0
2018-04-24,-0.0
2018-04-25,-0.0
2018-04-26,-0.0
2018-04-27,-0.0
2018-05-02,-0.0
2018-05-03,-0.0
2018-05-04,-0.0
2018-05-07,-0.0
2018-05-08,-0.0
2018-05-09,-0.0
2018-05-10,-0.0
2018-05-11,-0.0
2018-05-14,-0.0
2018-05-15,-0.0
2018-05-16,-0.0
2018-05-17,-0.0
2018-05-18,-0.0
2018-05-21,-0.0
2018-05-22,-0.0
2018-05-23,-0.0
2018-05-24,-0.0
2018-05-25,-0.0
2018-05-28,-0.0
2018-05-29,-0.0
2018-05-30,-0.0
2018-05-31,-0.0
2018-06-01,-0.0
2018-06-04,-0.0
2018-06-05,-0.0
2018-06-06,-0.0
2018-06-07,-0.0
2018-06-08,-0.0
2018-06-11,-0.0
2018-06-12,-0.0
2018-06-13,-0.0
2018-06-14,-0.0
2018-06-15,-0.0
2018-06-19,-0.0
2018-06-20,-0.0
2018-06-21,-0.0
2018-06-22,-0.0
2018-06-25,-0.0
2018-06-26,-0.0
2018-06-27,-0.0
2018-06-28,-0.0
2018-06-29,-0.0
2018-07-02,-0.0
2018-07-03,-0.0
2018-07-04,-0.0
2018-07-05,-0.0
2018-07-06,-0.0
2018-07-09,-0.0
2018-07-10,-0.0
2018-07-11,-0.0
2018-07-12,-0.0
2018-07-13,-0.0
2018-07-16,-0.0
2018-07-17,-0.0
2018-07-18,-0.0
2018-07-19,-0.0
2018-07-20,-0.0
2018-07-23,-0.0
2018-07-24,-0.0
2018-07-25,-0.0
2018-07-26,-0.0
2018-07-27,-0.0
2018-07-30,-0.0
2018-07-31,-0.0
2018-08-01,-0.0
2018-08-02,-0.0
2018-08-03,-0.0
2018-08-06,-0.0
2018-08-07,-0.0
2018-08-08,-0.0
2018-08-09,-0.0
2018-08-10,-0.0
2018-08-13,-0.0
2018-08-14,-0.0
2018-08-15,-0.0
2018-08-16,-0.0
2018-08-17,-0.0
2018-08-20,-0.0
2018-08-21,-0.0
2018-08-22,-0.0
2018-08-23,-0.0
2018-08-24,-0.0
2018-08-27,-0.0
2018-08-28,-0.0
2018-08-29,-0.0
2018-08-30,-0.0
2018-08-31,-0.0
2018-09-03,-0.0
2018-09-04,-0.0
2018-09-05,-0.0
2018-09-06,-0.0
2018-09-07,-0.0
2018-09-10,-0.0
2018-09-11,-0.0
2018-09-12,-0.0
2018-09-13,-0.0
2018-09-14,-0.0
2018-09-17,-0.0
2018-09-18,-0.0
2018-09-19,-0.0
2018-09-20,-0.0
2018-09-21,-0.0
2018-09-25,-0.0
2018-09-26,-0.0
2018-09-27,-0.0
2018-09-28,-0.0
2018-10-08,-0.0
2018-10-09,-0.0
2018-10-10,-0.0
2018-10-11,-0.0
2018-10-12,-0.0
2018-10-15,-0.0
2018-10-16,-0.0
2018-10-17,-0.0
2018-10-18,-0.0
2018-10-19,-0.0
2018-10-22,-0.0
2018-10-23,-0.0
2018-10-24,-0.0
2018-10-25,-0.0
2018-10-26,-0.0
2018-10-29,-0.0
2018-10-30,-0.0
2018-10-31,-0.0
2018-11-01,-0.0
2018-11-02,-0.0
2018-11-05,-0.0
2018-11-06,-0.0
2018-11-07,-0.0
2018-11-08,-0.0
2018-11-09,-0.0
2018-11-12,-0.0
2018-11-13,-0.0
2018-11-14,-0.0
2018-11-15,-0.0
2018-11-16,-0.0
2018-11-19,-0.0
2018-11-20,-0.0
2018-11-21,-0.0
2018-11-22,-0.0
2018-11-23,-0.0
2018-11-26,-0.0
2018-11-27,-0.0
2018-11-28,-0.0
2018-11-29,-0.0
2018-11-30,-0.0
2018-12-03,-0.0
2018-12-04,-0.0
2018-12-05,-0.0
2018-12-06,-0.0
2018-12-07,-0.0
2018-12-10,-0.0
2018-12-11,-0.0
2018-12-12,-0.0
2018-12-13,-0.0
2018-12-14,-0.0
2018-12-17,-0.0
2018-12-18,-0.0
2018-12-19,-0.0
2018-12-20,-0.0
2018-12-21,-0.0
2018-12-24,-0.0
2018-12-25,-0.004837009723227908
2018-12-26,0.005882944254416219
2018-12-27,0.008264251075854795
2018-12-28,0.005889020386213738
2019-01-02,-0.011267579206884485
2019-01-03,0.009364858652941298
2019-01-04,0.0015951593606120217
2019-01-07,-0.006744095859240837
2019-01-08,-0.0008090965994176209
2019-01-09,-0.00196976313216486
2019-01-10,-0.0009878057835490109
2019-01-11,0.004057328170536256
2019-01-14,-0.0012117096035461714
2019-01-15,0.00898648441142659
2019-01-16,0.008569919248828082
2019-01-17,-0.0049252750934590155
2019-01-18,0.014964334450915115
2019-01-21,-0.0005613210103396684
2019-01-22,-0.0029826451223320585
2019-01-23,-0.0034324442029363
2019-01-24,0.005076038362021963
2019-01-25,0.011748357769413686
2019-01-28,0.005976478618640535
2019-01-29,0.007245624714542483
2019-01-30,0.014025843556805091
2019-01-31,0.015739183636296214
2019-02-01,-0.005368882640861855
2019-02-11,-0.009906225376534707
2019-02-12,-0.0039496501461205626
2019-02-13,0.0015913955616529765
2019-02-14,-0.007610467251216008
2019-02-15,-0.0015469691680017245
2019-02-18,-0.008048577001235908
2019-02-19,-0.0019810518955511135
2019-02-20,0.0004736489244019939
2019-02-21,-0.0012868375732691811
2019-02-22,-0.005886970595829526
2019-02-25,-0.011477747979616024
2019-02-26,0.007719142136405752
2019-02-27,0.005631635372256014
2019-02-28,0.02042526730450997
2019-03-01,-0.007894789927702293
2019-03-04,-0.009629340567778023
2019-03-05,-0.007955606577176144
2019-03-06,-0.010546441899245106
2019-03-07,-0.013189348689306463
2019-03-08,-0.0010632709543837299
2019-03-11,0.01638934520251465
2019-03-12,-0.009808089747645323
2019-03-13,0.01945469782494476
2019-03-14,0.014346137411107553
2019-03-15,0.009432414191291486
2019-03-18,0.00544498023073162
2019-03-19,-0.0018259882526210584
2019-03-20,0.0003150030106372271
2019-03-21,-0.004890969695529263
2019-03-22,0.009988661418867475
2019-03-25,0.007710793760005788
2019-03-26,0.004684930341255302
2019-03-27,0.0056140146789040845
2019-03-28,0.011748668244603008
2019-03-29,0.0019549124962788336
2019-04-01,-0.0078078297067970676
2019-04-02,-0.0024675599557920543
2019-04-03,0.00564739776051546
2019-04-04,-0.0012745692659086234
2019-04-08,-0.005242496679535538
2019-04-09,0.005956408403247524
2019-04-10,0.007535790312081109
2019-04-11,0.004771770085942666
2019-04-12,0.005427889890758025
2019-04-15,0.0038967334353700494
2019-04-16,-0.0030121345684537906
2019-04-17,-0.004894131684385995
2019-04-18,-0.0014663654729250184
2019-04-19,-0.0009870415137933908
2019-04-22,0.002312990742515817
2019-04-23,0.009343914776286953
2019-04-24,-0.004573765577294548
2019-04-25,0.010013439078040906
2019-04-26,0.007533649083181829
2019-04-29,0.02157560048871792
2019-04-30,-0.005649829681867943
2019-05-06,0.010186199251946484
2019-05-07,-0.004747615106568175
2019-05-08,0.0005548459780477187
2019-05-09,0.003060882132318487
2019-05-10,-0.012196084762212324
2019-05-13,-0.004171383784087488
2019-05-14,-0.0039581999436784495
2019-05-15,-0.011178273118394026
2019-05-16,0.0036022470909612726
2019-05-17,-0.002148177323042899
2019-05-20,0.01477503735041387
2019-05-21,0.0007030705216235361
2019-05-22,0.0005778614854774922
2019-05-23,0.009573171779905597
2019-05-24,0.01312894498116968
2019-05-27,-0.007239886004431088
2019-05-28,-0.0034426172644596888
2019-05-29,-0.007362189316119214
2019-05-30,0.0009044206510470422
2019-05-31,0.0015658094545464654
2019-06-03,0.0056516838421386655
2019-06-04,0.00997605151755267
2019-06-05,0.0009813360641099866
2019-06-06,0.009312225286804698
2019-06-10,-0.0037305225312342562
2019-06-11,-0.007700939556534121
2019-06-12,-0.010465427328416712
2019-06-13,0.0066073402138326015
2019-06-14,0.011613449288674763
2019-06-17,0.009358453597749583
2019-06-18,0.005886548794388477
2019-06-19,-0.004191035926575583
2019-06-20,0.005667614528793908
2019-06-21,0.00449258246628699
2019-06-24,5.991861115750867e-06
2019-06-25,0.0025075043162327178
2019-06-26,0.013608414585311118
2019-06-27,-0.0019568278181601537
2019-06-28,0.002710478459615362
2019-07-01,-0.0016751336973460026
2019-07-02,0.006647357454575387
2019-07-03,0.005457078269138275
2019-07-04,0.008442873224702795
2019-07-05,0.000741582581291274
2019-07-08,0.004126625317955289
2019-07-09,0.003945611242821393
2019-07-10,0.004598583539655382
2019-07-11,0.0015745841981060753
2019-07-12,0.00726165668306156
2019-07-15,-0.004978368640745395
2019-07-16,-0.0009267139591329584
2019-07-17,-0.0006555257089143267
2019-07-18,0.0033611208200432507
2019-07-19,0.0007380071779803932
2019-07-22,0.00660760060912053
2019-07-23,-0.005265081105961371
2019-07-24,-0.0007488498225889165
2019-07-25,-0.002368565185607121
2019-07-26,0.006806157625314613
2019-07-29,-0.0012845711125458858
2019-07-30,0.005461472067436771
2019-07-31,0.0021592497360540695
2019-08-01,-0.003107737805723959
2019-08-02,-0.0026235186955648523
2019-08-05,-0.001310910530905051
2019-08-06,-0.007172484577220108
2019-08-07,0.00642288786545404
2019-08-08,-0.003191315960185726
2019-08-09,0.001230567632856297
2019-08-12,-0.002483837635688907
2019-08-13,-0.005570288514726686
2019-08-14,0.004658295500670718
2019-08-15,-0.0035252330907957286
2019-08-16,-0.0004826600491747153
2019-08-19,-0.0007015147457462428
2019-08-20,-0.003499245186865479
2019-08-21,-0.0012798138746168614
2019-08-22,-0.0001724487583992249
2019-08-23,0.0015763174299020409
2019-08-26,-0.005206697831304815
2019-08-27,0.005329992163733876
2019-08-28,0.010000300193391761
2019-08-29,-0.005420163453290516
2019-08-30,0.007124324298699037
2019-09-02,-0.0015146830989444422
2019-09-03,-0.006570371259875172
2019-09-04,0.001749685739337748
2019-09-05,0.0003427882422592614
2019-09-06,0.00017223461893328164
2019-09-09,-0.007749794045227753
2019-09-10,0.00318590322783824
2019-09-11,0.010333190760785486
2019-09-12,0.0017826021069117055
2019-09-16,-0.00286003116091978
2019-09-17,0.0002574629063843391
2019-09-18,0.005048864553703731
2019-09-19,-0.0012392932293969986
2019-09-20,0.003966129033787322
2019-09-23,-0.005899445527932572
2019-09-24,-0.0004413791568291651
2019-09-25,0.010927726671631215
2019-09-26,0.02755177742302673
2019-09-27,-0.003824901321056144
2019-09-30,0.013288924411549857
2019-10-08,0.004760969525255116
2019-10-09,-0.005402780557966943
2019-10-10,-0.0012192491967399043
2019-10-11,0.007958999549180654
2019-10-14,-0.00873370344773864
2019-10-15,0.0074419575758794525
2019-10-16,0.0018411756190700474
2019-10-17,0.0004192980371035479
2019-10-18,0.0015370678255881513
2019-10-21,0.014641524047287705
2019-10-22,-0.004090438540880334
2019-10-23,0.0023002740077449086
2019-10-24,0.0019217854785347035
2019-10-25,0.0025249685748857144
2019-10-28,-0.00010570453033843796
2019-10-29,-0.00419739130721172
2019-10-30,0.0019494700681874973
2019-10-31,0.006079730997844797
2019-11-01,-0.003893981919399995
2019-11-04,-0.002385016344998216
2019-11-05,-0.0008158370690853826
2019-11-06,0.0023748151272900263
2019-11-07,-0.005089396578823326
2019-11-08,0.005176316628119939
2019-11-11,-0.004524599458307611
2019-11-12,-0.00549357360409503
2019-11-13,0.0021850241859505365
2019-11-14,-0.0020061215905044193
2019-11-15,0.007817165596175183
2019-11-18,-0.0037353510559093098
2019-11-19,-0.002010408690198952
2019-11-20,-0.0048499124377485575
2019-11-21,0.0026323245735615014
2019-11-22,0.0067506644057428195
2019-11-25,0.015682874535158466
2019-11-26,-0.0027637524145742833
2019-11-27,-0.006909633166600278
2019-11-28,0.0015167953225126464
2019-11-29,0.0025973182655419473
2019-12-02,-0.0031456694007930544
2019-12-03,0.0018122887541865487
2019-12-04,-0.0002561511937027362
2019-12-05,-0.0035049980131933306
2019-12-06,-0.0025210536916365133
2019-12-09,-0.006287624051567987
2019-12-10,-0.011107384702154607
2019-12-11,0.002306216241589789
2019-12-12,-0.0008679615879175166
2019-12-13,0.006302487736141002
2019-12-16,-0.006010581634025007
2019-12-17,-0.002297414952472491
2019-12-18,-0.007432206137252175
2019-12-19,0.00749662961848006
2019-12-20,0.0019730647056865943
2019-12-23,0.009292518744060316
2019-12-24,-0.0022066360173019633
2019-12-25,-0.0021299364128137006
2019-12-26,-0.0032008271674510563
2019-12-27,0.00556834179578254
2019-12-30,0.008111616281748227
2019-12-31,0.0031406503494584032
2020-01-02,-0.013832220121952003
2020-01-03,0.0006606236786516218
2020-01-06,-0.009120819439878502
2020-01-07,-0.0021981965530075455
2020-01-08,0.0010791801496626823
2020-01-09,0.004851115349068876
2020-01-10,0.006970815528305492
2020-01-13,-0.009254648828762986
2020-01-14,0.0021357036090965636
2020-01-15,-0.0036521016818849015
2020-01-16,-0.007988970136755823
2020-01-17,-0.0007017960618699317
2020-01-20,-0.0022244648132162346
2020-01-21,0.002265618251713182
2020-01-22,-0.01070136534276795
2020-01-23,-0.0009565192566982142
2020-02-03,-0.012401690455097647
2020-02-04,-0.0044370461046767
2020-02-05,-0.016753218731626947
2020-02-06,-0.016907862731013776
2020-02-07,0.001511574624138581
2020-02-10,0.01782837593106571
2020-02-11,0.02034936625488526
2020-02-12,-0.009655023218716707
2020-02-13,0.0035301536422943924
2020-02-14,0.006282166808171089
2020-02-17,0.005797585211921471
2020-02-18,-0.0011784093947770427
2020-02-19,0.02085003076252666
2020-02-20,0.011711747450102061
2020-02-21,-0.005930094220222426
2020-02-24,-0.018196095203393794
2020-02-25,-0.0362784578422216
2020-02-26,0.032244668679371
2020-02-27,0.013962596062130806
2020-02-28,-0.01507470973364678
2020-03-02,0.0077143377571040755
2020-03-03,-0.0036746076977717083
2020-03-04,0.00921332683488577
2020-03-05,0.005015127628529247
2020-03-06,-0.0028333720796514016
2020-03-09,-4.2382170365506955e-05
2020-03-10,0.003172945522759426
2020-03-11,0.006495828618840535
2020-03-12,-0.0038614135743633045
2020-03-13,0.005101846784474454
2020-03-16,0.004805512369870334
2020-03-17,0.010779655330316733
2020-03-18,0.0041458308282311136
2020-03-19,0.005098027940220708
2020-03-20,0.002055572756008246
2020-03-23,0.003337134814512678
2020-03-24,0.01121219669539424
2020-03-25,-0.003924183518332205
2020-03-26,0.0006781878999201317
2020-03-27,0.001462734210629391
2020-03-30,0.00011815077557240233
2020-03-31,0.007270369118132675
2020-04-01,0.0024819372702352383
2020-04-02,-0.002714941680321034
2020-04-03,-0.0033638869011114415
2020-04-07,-0.008427733723288505
2020-04-08,0.002986941454622731
2020-04-09,0.002934533331323333
2020-04-10,0.008678839412081158
2020-04-13,0.006265301723690258
2020-04-14,-0.004554785225497092
2020-04-15,-0.002632783311221157
2020-04-16,-0.0046696516795948
2020-04-17,0.004950582035351003
2020-04-20,-0.005960287592045362
2020-04-21,-0.0015523413622792707
2020-04-22,-0.00376284112182761
2020-04-23,-0.0027867548037535696
2020-04-24,0.012250606255993553
2020-04-27,0.010002305994224251
2020-04-28,0.0012377436097829597
2020-04-29,0.007745114276319424
2020-04-30,-0.005690497625886727
2020-05-06,-0.008534904193299383
2020-05-07,-0.002231947446845849
2020-05-08,0.0035430039769195638
2020-05-11,-0.002735975750063099
2020-05-12,-0.006683630250780043
2020-05-13,-0.002653299229598274
2020-05-14,-0.0020105930076023716
2020-05-15,-0.005552032202035637
2020-05-18,0.0013840824110998868
2020-05-19,-0.013705592008136753
2020-05-20,0.004873140566768569
2020-05-21,0.010372061360867886
2020-05-22,0.004765645231866072
2020-05-25,0.0010167846886068076
2020-05-26,-0.006177556336108985
2020-05-27,-0.0005997738675592619
2020-05-28,0.007356915963969648
2020-05-29,0.0023149520816064875
2020-06-01,-0.01569038377763368
2020-06-02,0.0011364769876028324
2020-06-03,-0.006587909971466709
2020-06-04,0.0020895679009375347
2020-06-05,0.00010228150555889495
2020-06-08,0.005798584044241198
2020-06-09,-0.002268341521347756
2020-06-10,-0.00011349353782398987
2020-06-11,-0.00467078544246683
2020-06-12,-0.0014788351979142514
2020-06-15,0.002264847109212615
2020-06-16,-0.003068582613092709
2020-06-17,0.001491347409328405
2020-06-18,0.004899450678173682
2020-06-19,-0.004180015622717726
2020-06-22,-0.005690639272918199
2020-06-23,0.0015914243935269156
2020-06-24,-0.0014206464108242802
2020-06-29,-0.00859300294466617
2020-06-30,-0.005995589575823364
2020-07-01,-0.0015015605806896373
2020-07-02,0.004209344210165266
2020-07-03,0.0008150534339491002
2020-07-06,-0.013404168746280254
2020-07-07,-0.008134046589623469
2020-07-08,-0.01195865198518933
2020-07-09,-0.007450571464150256
2020-07-10,-0.0004401925622106585
2020-07-13,-0.0004528784313128503
2020-07-14,0.005395600810983312
2020-07-15,0.020350894316704646
2020-07-16,0.010467576926679448
2020-07-17,1.9068950639622266e-05
2020-07-20,-0.007429256067624297
2020-07-21,0.010630418350533069
2020-07-22,-0.0038591483098136493
2020-07-23,-0.006101873292193012
2020-07-24,0.001055443189746097
2020-07-27,0.002134358328583693
2020-07-28,0.0007842332681311306
2020-07-29,-0.0067179184176285565
2020-07-30,-0.0044804993563080705
2020-07-31,-0.004088466843914864
2020-08-03,-0.0109213858168375
2020-08-04,0.008130619543507751
2020-08-05,-0.009373781339131155
2020-08-06,-0.00424746291461169
2020-08-07,-0.013350780091246291
2020-08-10,0.006229230493140803
2020-08-11,0.005364651952017692
2020-08-12,0.0031395018395925303
2020-08-13,0.0032617543985731384
2020-08-14,0.0034776147499313795
2020-08-17,-0.006740971812198463
2020-08-18,-0.006100835112199127
2020-08-19,0.009110910969442026
2020-08-20,0.009641961671767073
2020-08-21,0.007597354980582288
2020-08-24,-0.00044136607564893276
2020-08-25,0.007793717437788149
2020-08-26,0.006407887721687676
2020-08-27,0.004361597749724902
2020-08-28,0.002529740918675404
2020-08-31,-0.007794201348003144
2020-09-01,-0.007881043106706346
2020-09-02,-0.005066705902963743
2020-09-03,0.010631707577379336
2020-09-04,-0.0038453057939317964
2020-09-07,-0.013478157915471968
2020-09-08,-0.012205689252385587
2020-09-09,0.01870657710641978
2020-09-10,0.013705861476314633
2020-09-11,0.0017629852715588083
2020-09-14,-0.01004102059091791
2020-09-15,0.0015888060226025083
2020-09-16,-0.0034911359905188703
2020-09-17,0.009039659122211762
2020-09-18,0.007854861395170035
2020-09-21,0.0006517232665823479
2020-09-22,0.0006623471732394685
2020-09-23,-0.0028739162643281555
2020-09-24,0.007883256624474616
2020-09-25,0.0060593765918398185
2020-09-28,0.0017903099526310473
2020-09-29,-0.0011582175124489578
2020-09-30,0.0033062251647384593
2020-10-09,-0.01511335659608034
2020-10-12,-0.011653257623369159
2020-10-13,-0.004951165821683772
2020-10-14,-0.006888481153822342
2020-10-15,0.007094983699571049
2020-10-16,0.002344909861444847
2020-10-19,-0.002631621568831075
2020-10-20,-0.004599685783056631
2020-10-21,0.00414955049236824
2020-10-22,0.0013141515311548666
2020-10-23,0.004565729836857867
2020-10-26,-0.009790104614028194
2020-10-27,0.004649928478051236
2020-10-28,-0.0043685787040967546
2020-10-29,0.0062466800010988
2020-10-30,0.010871132589923505
2020-11-02,-0.015444511904172745
2020-11-03,0.007067881258538557
2020-11-04,-0.001728884018102205
2020-11-05,-0.005512886671886787
2020-11-06,0.005136996297918507
2020-11-09,-0.0031418271210628644
2020-11-10,0.011349291942741797
2020-11-11,0.008533301778408036
2020-11-12,-0.003266124140062869
2020-11-13,0.0007092284327129142
2020-11-16,-0.0020921517613466042
2020-11-17,-0.0008733698970946439
2020-11-18,-0.005754403150139747
2020-11-19,0.00518782422701994
2020-11-20,-0.005642487442639808
2020-11-23,-0.010504068496099134
2020-11-24,-0.0035361364795445287
2020-11-25,0.005040847603475097
2020-11-26,0.007332874217798844
2020-11-27,0.001714802890418878
2020-11-30,-0.0013179785361187761
2020-12-01,0.001751870792142094
2020-12-02,0.004997000225839502
2020-12-03,0.008633506477424922
2020-12-04,0.0012863859653258769
2020-12-07,-0.0010971248207211496
2020-12-08,0.0005326724947169793
2020-12-09,-0.0019416205036593415
2020-12-10,0.002806896714192025
2020-12-11,-0.007499829793991129
2020-12-14,-0.005119235235637234
2020-12-15,0.0039330384553996215
2020-12-16,-0.007682300817388297
2020-12-17,-0.0021155264850269712
2020-12-18,-0.010132730518243503
2020-12-21,-0.012764776781278023
2020-12-22,-0.006464645857696745
2020-12-23,-0.012671405093591567
2020-12-24,-0.006079218880934462
2020-12-25,-0.0040216173067315324
2020-12-28,-0.017413976216203754
2020-12-29,0.027330432209811833
2020-12-30,-0.010888873918790417
2020-12-31,0.00533612169311725
2021-01-04,-0.016112737830565153
2021-01-05,0.0053181776139373735
2021-01-06,-0.009353166944645197
2021-01-07,-0.0285506632690809
2021-01-08,0.019273255320749236
2021-01-11,0.0003091216405688296
2021-01-12,-0.005210100044122195
2021-01-13,-0.004404160512491049
2021-01-14,0.03490897817506124
2021-01-15,0.011569104177703038
2021-01-18,-0.007207390408391193
2021-01-19,0.015398318727405522
2021-01-20,-0.010576735106672796
2021-01-21,-0.0019274725374795508
2021-01-22,-0.0011020739913185085
2021-01-25,-0.008865587951697913
2021-01-26,0.0060744220776564025
2021-01-27,0.0029633768654472132
2021-01-28,0.014109279210617179
2021-01-29,-0.0002885196462774353
2021-02-01,-0.011677851364102512
2021-02-02,-0.0035438219240125756
2021-02-03,-0.008357062654840089
2021-02-04,-0.006690775783398576
2021-02-05,0.013853110790116235
2021-02-08,0.0013329397767895923
2021-02-09,-0.0037165670997216654
2021-02-10,0.002332459997493116
2021-02-18,0.003587850751924096
2021-02-19,0.008052355740176577
2021-02-22,0.00283097057086276
2021-02-23,-0.002285248907422835
2021-02-24,0.010220341349297593
2021-02-25,-0.004200664733318758
2021-02-26,0.0072825484359179665
2021-03-01,-0.0027766257708196594
2021-03-02,0.006514921075946622
2021-03-03,-0.004639437227441683
2021-03-04,-0.0029424285320976476
2021-03-05,0.010118887917086554
2021-03-08,0.00023572599435180662
2021-03-09,0.010419429060137798
2021-03-10,-0.0032363020273724905
2021-03-11,-0.008340721106377225
2021-03-12,0.0004761952320068814
2021-03-15,-0.010121998142404186
2021-03-16,0.0015659704738871794
2021-03-17,0.011576980545196314
2021-03-18,0.0064059259548303465
2021-03-19,-0.00398937486580068
2021-03-22,-0.009032701965989796
2021-03-23,0.00860307963997404
2021-03-24,-0.003906530446032987
2021-03-25,0.008719465859143152
2021-03-26,0.0024066278482462455
2021-03-29,-0.0023590564777796917
2021-03-30,0.0096494106460761
2021-03-31,-0.0046480060752747175
2021-04-01,0.011558558343079967
2021-04-02,0.006605233269341244
2021-04-06,-0.002725091267526002
2021-04-07,-0.009061865312343109
2021-04-08,0.010732591495753287
2021-04-09,0.002667537845316079
2021-04-12,-0.008312438908798445
2021-04-13,0.011140072320068702
2021-04-14,0.0033081991591474465
2021-04-15,0.011365283096261067
2021-04-16,-0.0010705754590482758
2021-04-19,0.002154991365694201
2021-04-20,-0.0005684101158266496
2021-04-21,0.003503659002319172
2021-04-22,-0.0018690960020975814
2021-04-23,0.0002868090410030697
2021-04-26,0.0060806772246780275
2021-04-27,0.0008274342552749073
2021-04-28,-0.009846435507592588
2021-04-29,0.0055672296591502786
2021-04-30,-0.007133631207150347
2021-05-06,-0.009879260124313224
2021-05-07,0.0017542452537046378
2021-05-10,-0.024513991172442164
2021-05-11,0.0019157717482561351
2021-05-12,-0.005962374833251901
2021-05-13,0.005676589464176467
2021-05-14,0.003461100910085559
2021-05-17,0.0042136914960074
2021-05-18,-0.010850629616537696
2021-05-19,-0.0005506176151579526
2021-05-20,0.005481502277861379
2021-05-21,-0.002994037742339385
2021-05-24,0.0041848762189374035
2021-05-25,-0.005029643738718125
2021-05-26,0.005359572997523446
2021-05-27,0.0027601179825100484
2021-05-28,-0.007180420890592001
2021-05-31,-0.015484300473618363
2021-06-01,0.0017691373738431097
2021-06-02,0.008630295999835273
2021-06-03,0.005736851142129232
2021-06-04,0.004913349625060197
2021-06-07,-0.0036764145611274963
2021-06-08,0.0068103897022226256
2021-06-09,0.004907703868116672
2021-06-10,-0.000877017465183377
2021-06-11,0.0028233948381500605
2021-06-15,0.0015547259374692826
2021-06-16,0.00873900818738756
2021-06-17,-0.01150256088265786
2021-06-18,-0.005995708928579171
2021-06-21,-0.009847406344167284
2021-06-22,0.0008213386765433964
2021-06-23,-0.003993610247659599
2021-06-24,0.007668383139989431
2021-06-25,0.004741061675663542
2021-06-28,-0.002875465426782693
2021-06-29,2.4092493582671126e-05
2021-06-30,-0.004073758955342515
2021-07-01,0.01621007045343334
2021-07-02,-0.009855148602067664
2021-07-05,-0.00685891823056009
2021-07-06,0.003688276795822183
2021-07-07,-0.0034661120137715416
2021-07-08,-0.010501943531511303
2021-07-09,0.0019959306460129436
2021-07-12,-0.0045339388778703575
2021-07-13,-0.0001777026178955655
2021-07-14,0.008422529760876957
2021-07-15,-0.009245969713430002
2021-07-16,-0.004454961781401826
2021-07-19,0.0031343351320305174
2021-07-20,-0.00457561878029034
2021-07-21,-0.008910533895635715
2021-07-22,-0.005911991191945664
2021-07-23,-0.0023515912724729124
2021-07-26,-0.008156263163509685
2021-07-27,0.020481773136011232
2021-07-28,0.00043461866529689863
2021-07-29,-0.022865784690729127
2021-07-30,-0.005629489775586448
2021-08-02,0.0016593993394964576
2021-08-03,0.02519941787210902
2021-08-04,-0.016865486484673044
2021-08-05,0.001317069015114693
2021-08-06,-0.010171769352094785
2021-08-09,0.01723886728186375
2021-08-10,0.004524519927060655
2021-08-11,-0.007447425557091146
2021-08-12,-0.005761273807577839
2021-08-13,0.0003377699720469088
2021-08-16,0.012175951611245212
2021-08-17,0.003873322587203791
2021-08-18,-0.0004470057341098982
2021-08-19,-0.0030852563341743342
2021-08-20,-0.00503139861021077
2021-08-23,-0.0009799117975252507
2021-08-24,0.003999837324649322
2021-08-25,-0.0012471295438768026
2021-08-26,-0.006225865323650819
2021-08-27,-0.011897093780076088
2021-08-30,-0.014996389034438604
2021-08-31,-0.008820815541413313
2021-09-01,0.025755188268389212
2021-09-02,-0.022544871721274548
2021-09-03,0.01978437557410137
2021-09-06,0.01096086129440143
2021-09-07,-0.009134949648197912
2021-09-08,8.972038267407098e-05
2021-09-09,-0.009367740991860232
2021-09-10,0.002275244861889841
2021-09-13,-0.01726749648367046
2021-09-14,8.802569002812517e-05
2021-09-15,-0.010185382673154776
2021-09-16,0.004367608223711152
2021-09-17,-0.0010296650180496654
2021-09-22,-0.01699686538542213
2021-09-23,0.014766476445045525
2021-09-24,0.012335808045832067
2021-09-27,0.018147205565726972
2021-09-28,-0.005541803687407485
2021-09-29,0.015343374889169752
2021-09-30,-0.011090844656955583
2021-10-08,0.016970499003575598
2021-10-11,0.007182398901681956
2021-10-12,0.007611581798010681
2021-10-13,0.014815606033990705
2021-10-14,-0.0005471733854783244
2021-10-15,0.0018833272111191176
2021-10-18,-0.013121672708213898
2021-10-19,-0.00810834369469418
2021-10-20,-0.005784277835242201
2021-10-21,-0.00043147734250558074
2021-10-22,0.005234595031204107
2021-10-25,-0.004499839790099625
2021-10-26,0.0006174698023047901
2021-10-27,-0.012753333268333295
2021-10-28,-0.006559214662909631
2021-10-29,0.003380307852665262
2021-11-01,-0.0009282190206142023
2021-11-02,-0.007183226163264998
2021-11-03,0.005460213028005076
2021-11-04,-0.00995789794478177
2021-11-05,0.009750687738943024
2021-11-08,-0.001026054060491429
2021-11-09,7.622348003808767e-05
2021-11-10,0.0010754380260917535
2021-11-11,0.0006786565453154991
2021-11-12,-0.00784143300802648
2021-11-15,0.020609491712316894
2021-11-16,0.001792902445272141
2021-11-17,-0.0049528169254594405
2021-11-18,-0.0004379657305744328
2021-11-19,0.0014352164268736315
2021-11-22,-0.011478575104191695
2021-11-23,0.007135314096268341
2021-11-24,0.0030631488310909494
2021-11-25,0.008292581645542087
2021-11-26,-0.0060105622671990395
2021-11-29,-0.015756089937565724
2021-11-30,0.005656640932283117
2021-12-01,0.006622833003442167
2021-12-02,0.004982987543596957
2021-12-03,0.00707391564937189
2021-12-06,-0.0019403267852389407
2021-12-07,0.01714945357373146
2021-12-08,-0.004693997537652679
2021-12-09,0.009103274048527423
2021-12-10,-0.0013612633952017669
2021-12-13,-0.004044875327452821
2021-12-14,0.0013928246144842187
2021-12-15,-0.0015760453096215657
2021-12-16,-0.0032533070500586417
2021-12-17,-0.003121712071499633
2021-12-20,-0.0004479876759841926
2021-12-21,0.00478574522663318
2021-12-22,0.005455321372968381
2021-12-23,0.001900897349090663
2021-12-24,0.0022669025869951516
2021-12-27,0.003983570599442155
2021-12-28,0.00999319683792707
2021-12-29,0.0009823642985931542
2021-12-30,-0.008327596593917061
2021-12-31,0.004091353612554388
2022-01-04,-0.011888361412861191
2022-01-05,-0.003010481291961121
2022-01-06,3.367880552130817e-05
2022-01-07,0.007308209661281609
2022-01-10,0.005028543518788162
2022-01-11,0.004968643146737501
2022-01-12,0.004999642839639395
2022-01-13,-0.005081026310427533
2022-01-14,-0.00991779913278434
2022-01-17,0.0015812569516411822
2022-01-18,0.01277533682882348
2022-01-19,-0.0024443527135854987
2022-01-20,-0.008720882516357668
2022-01-21,0.017496009406355352
2022-01-24,0.010113055172797963
2022-01-25,0.008912549134411717
2022-01-26,0.009041141206496952
2022-01-27,0.006992606165861351
2022-01-28,-0.0006381201642748427
2022-02-07,-0.002810150895985181
2022-02-08,-0.012118526141866797
2022-02-09,-0.006702152653077099
2022-02-10,-0.009596007799379457
2022-02-11,-0.0068736001830897245
2022-02-14,0.001600559881390992
2022-02-15,-0.00040460769133332
2022-02-16,0.004366605524031595
2022-02-17,0.0052127105347292285
2022-02-18,-0.004200156121659689
2022-02-21,-0.002468295887308399
2022-02-22,-0.01255805814790926
2022-02-23,0.01441512355723497
2022-02-24,0.004034324837361793
2022-02-25,0.010011244708864461
2022-02-28,0.0022642865052766113
2022-03-01,-0.0023441344914255967
2022-03-02,-0.005602196187352354
2022-03-03,-0.010263529923305646
2022-03-04,0.009695929652111183
2022-03-07,-0.011717304166968721
2022-03-08,0.0009891203031318387
2022-03-09,-0.012041815421501043
2022-03-10,0.0006860952163096276
2022-03-11,0.007360457683543115
2022-03-14,0.0010138058941399596
2022-03-15,-0.015574035381251766
2022-03-16,-0.007082121030734433
2022-03-17,0.0017888740109335416
2022-03-18,0.0050014962950382085
2022-03-21,-0.009722987819669546
2022-03-22,0.012578372689888057
2022-03-23,0.006386738149138699
2022-03-24,-0.001991412846345981
2022-03-25,0.008578781180828804
2022-03-28,0.004743380172010569
2022-03-29,-0.0033045526448022573
2022-03-30,-0.0025638098600901
2022-03-31,-0.002624692959851228
2022-04-01,0.008477437259821407
2022-04-06,0.004682118850348169
2022-04-07,0.006370482988152862
2022-04-08,-0.0013559116685530961
2022-04-11,-0.0004389219409472733
2022-04-12,0.005158876265904593
2022-04-13,0.011018252011519951
2022-04-14,-0.003265189741026693
2022-04-15,0.003094447284478632
2022-04-18,0.008532139164541444
2022-04-19,-0.0018587730367612431
2022-04-20,0.0033324414609109433
2022-04-21,-0.0006781088520318723
2022-04-22,0.004000504968846078
2022-04-25,-0.010713001190157681
2022-04-26,-0.009889005252843738
2022-04-27,0.0024896159304290955
2022-04-28,-0.0041743942900383454
2022-04-29,0.0004851414304837334
2022-05-05,-0.00354156125266733
2022-05-06,0.0048318203577537395
2022-05-09,5.032388640488841e-05
2022-05-10,-0.008174851384895203
2022-05-11,-0.003607131206481007
2022-05-12,0.0054553475446802975
2022-05-13,0.0002104218515019277
2022-05-16,0.009306056309173923
2022-05-17,-0.004372981370526827
2022-05-18,0.010242734196467226
2022-05-19,-0.006562651149042113
2022-05-20,0.004458254666511421
2022-05-23,0.011654436842189286
2022-05-24,0.00017223563002941727
2022-05-25,0.0037505907806324457
2022-05-26,0.002773288260523925
2022-05-27,-0.0013692114028017164
2022-05-30,0.0023730242217698235
2022-05-31,0.007207180903128551
2022-06-01,0.004706301293651457
2022-06-02,0.005588123642114653
2022-06-06,-0.0012617671137627878
2022-06-07,0.0056050707448081424
2022-06-08,0.00035101907882159264
2022-06-09,0.0050755269825364345
2022-06-10,-0.0024313991468993164
2022-06-13,-0.003321421295477388
2022-06-14,0.0006522843900815881
2022-06-15,0.007418440952247815
2022-06-16,0.00101948777724898
2022-06-17,-0.005361925918965387
2022-06-20,0.000870369510036606
2022-06-21,0.00886788799166769
2022-06-22,-0.003833980702134216
2022-06-23,-0.007868597737849259
2022-06-24,-0.003617066091222627
2022-06-27,-0.0059211525914557965
2022-06-28,-0.0021518899264877257
2022-06-29,0.015116048521335496
2022-06-30,-0.001462426313368223
2022-07-01,0.004967319968571098
2022-07-04,-0.0017080278647800592
2022-07-05,0.0001865417776983555
2022-07-06,-0.0036388606705104578
2022-07-07,-0.005928916706594787
2022-07-08,0.008652056646123635
2022-07-11,-0.0020433070025056444
2022-07-12,0.0023908268691266513
2022-07-13,-0.0022663771633935313
2022-07-14,-0.0017639886123297817
2022-07-15,-0.009530850625574117
2022-07-18,-0.004591467579212468
2022-07-19,0.005474782201776033
2022-07-20,0.0033779226159143944
2022-07-21,-0.001466831992904093
2022-07-22,0.0021477305924520115
2022-07-25,0.008175565406524699
2022-07-26,-0.0004651288326726344
2022-07-27,-0.008295912783990554
2022-07-28,-0.002068805436595895
2022-07-29,-0.006630694022799489
2022-08-01,-0.0007616056760276586
2022-08-02,-0.009951346120394701
2022-08-03,0.011920244821223593
2022-08-04,0.010344568616434999
2022-08-05,0.01616153828449467
2022-08-08,-0.010004846772414092
2022-08-09,-0.009886142084909656
2022-08-10,-0.006643008178722173
2022-08-11,0.009723836025753836
2022-08-12,0.013595990491010675
2022-08-15,-0.007156258855950755
2022-08-16,-0.004842071250523534
2022-08-17,-0.0007982555373313321
2022-08-18,-0.01436936823234501
2022-08-19,0.016200962337552596
2022-08-22,0.007032571411070709
2022-08-23,-0.00868770242692545
2022-08-24,0.007546771753242608
2022-08-25,0.013760686883040659
2022-08-26,0.015602636865509384
2022-08-29,4.64263592678954e-05
2022-08-30,0.012352257647704389
2022-08-31,0.011131775926904317
2022-09-01,0.0025186832010301065
2022-09-02,-0.005788922323985101
2022-09-05,-0.006043267320787724
2022-09-06,-0.010147981700752033
2022-09-07,-0.0025369008678829217
2022-09-08,-0.0011149990500659377
2022-09-09,0.00607637314421082
2022-09-13,0.006004781587402884
2022-09-14,-0.001944929298964079
2022-09-15,-0.002680628458569728
2022-09-16,0.0013521476303623887
2022-09-19,-0.004946719199035103
2022-09-20,0.0049014679114823476
2022-09-21,0.002469190438074807
2022-09-22,5.6791030272514685e-05
2022-09-23,0.00014565736668379486
2022-09-26,-0.008911549490798566
2022-09-27,0.004418720724133213
2022-09-28,0.0005448090572619038
2022-09-29,0.0036323704463217307
2022-09-30,0.007333734378560082
2022-10-10,0.002107256892601172
2022-10-11,-0.0033703040219243644
2022-10-12,-0.00045144327970641357
2022-10-13,-0.0008151303399731736
2022-10-14,-0.00041913412342094863
2022-10-17,-0.0009767609327027138
2022-10-18,-0.005672743932592876
2022-10-19,-0.0015404556546888479
2022-10-20,0.008713739869534581
2022-10-21,-0.005445552583357714
2022-10-24,-0.002879475166463648
2022-10-25,-0.00016640042719158303
2022-10-26,-0.006510551511893867
2022-10-27,0.003676561841342913
2022-10-28,-0.0057324515218459965
2022-10-31,-0.009244463477020575
2022-11-01,0.003512642597081936
2022-11-02,0.007547162146909946
2022-11-03,0.005452138375835435
2022-11-04,0.001252306940647669
2022-11-07,0.00151611963361673
2022-11-08,0.0017077868029117867
2022-11-09,-0.0046058246400593125
2022-11-10,-0.0025845850279073903
2022-11-11,0.014460510326398886
2022-11-14,0.004869403336535473
2022-11-15,-0.0012524488271208438
2022-11-16,0.008714286851209646
2022-11-17,-0.004199389700453974
2022-11-18,0.0007500689690735016
2022-11-21,-0.0003169989805239092
2022-11-22,0.0029106552537714672
2022-11-23,-0.0020270370457549794
2022-11-24,0.0032955782424883232
2022-11-25,0.00015815209787375245
2022-11-28,-0.006081461307772252
2022-11-29,-0.005242254120949695
2022-11-30,-0.001275885925855749
2022-12-01,0.006774048958122383
2022-12-02,0.005704577029508924
2022-12-05,-0.004222014987296514
2022-12-06,0.001708486314884833
2022-12-07,0.0028237763598026712
2022-12-08,-0.0011260550143429495
2022-12-09,-0.00233533001356479
2022-12-12,-0.004799581295285079
2022-12-13,-0.005754087343653038
2022-12-14,0.0038114918437934155
2022-12-15,0.006623835900420861
2022-12-16,-0.01279931671932083
2022-12-19,0.0012325555718575645
2022-12-20,0.013908303082363483
2022-12-21,-0.0063887025665195565
2022-12-22,-0.006411770191860322
2022-12-23,0.0031813072040341606
2022-12-26,0.006394505283564771
2022-12-27,0.005858367421147325
2022-12-28,-0.00015297656944121898
2022-12-29,0.0007759813787937887
2022-12-30,-0.00037480738442941756
2023-01-03,0.010543187516516991
2023-01-04,0.0034946299632290963
2023-01-05,0.0076507570329685335
2023-01-06,0.008726201116049055
2023-01-09,0.0006089108315938535
2023-01-10,-0.0034604363362358455
2023-01-11,0.003532515985516174
2023-01-12,-0.00035770200210719056
2023-01-13,0.0055561827622267025
2023-01-16,0.010720236088580061
2023-01-17,0.0024238154826137517
2023-01-18,0.006370201801281015
2023-01-19,0.005445918975508025
2023-01-20,0.003576057460005366
2023-01-30,0.0006887414603625464
2023-01-31,0.0009612266353465916
2023-02-01,-0.00360800918742208
2023-02-02,0.0056888653765784815
2023-02-03,-0.004936789192408555
2023-02-06,-0.0039777367724893875
2023-02-07,0.0013176939100689724
2023-02-08,0.004063089911012502
2023-02-09,-0.0007026354455508428
2023-02-10,0.009937107467642165
2023-02-13,-0.001274171506347354
2023-02-14,0.004519682658997052
2023-02-15,-0.01063637021497512
2023-02-16,0.0070264403274229795
2023-02-17,0.007374981231509875
2023-02-20,-0.0007853750563640519
2023-02-21,0.0023219488010321177
2023-02-22,-0.0003620101145865727
2023-02-23,0.0035195426612157866
2023-02-24,0.004028653349733586
2023-02-27,0.002471383659215551
2023-02-28,-0.0001643717284379332
2023-03-01,-0.003950771638916965
2023-03-02,-0.004094562786581157
2023-03-03,0.006583928029376914
2023-03-06,0.00309250326991269
2023-03-07,-0.0021843921148418793
2023-03-08,-0.0027195809960626396
2023-03-09,0.006048159522673227
2023-03-10,0.0038042530006726152
2023-03-13,-0.00872735041599661
2023-03-14,0.0006018935123575445
2023-03-15,0.007730980624248929
2023-03-16,-0.007034192557261794
2023-03-17,-0.008762974418997314
2023-03-20,0.004887198934572029
2023-03-21,0.01002696560718923
2023-03-22,-0.007360648575749142
2023-03-23,-0.007463358703981763
2023-03-24,-0.003666269686455064
2023-03-27,-0.005751991154278074
2023-03-28,0.011449571421638917
2023-03-29,-0.0036640327630549033
2023-03-30,0.010219691788382643
2023-03-31,-0.006620550242051248
2023-04-03,-0.02242187912148049
2023-04-04,-0.013885981332358304
2023-04-06,4.49886054855117e-05
2023-04-07,0.003200732455594187
2023-04-10,0.01827878558129958
2023-04-11,-0.013455740872243238
2023-04-12,-0.011714980735043535
2023-04-13,0.004785348804577218
2023-04-14,0.0011620394431346142
2023-04-17,0.016485074880245924
2023-04-18,-0.0027704255299234107
2023-04-19,-0.009214033261578398
2023-04-20,-0.021567503283551375
2023-04-21,0.010729991827433706
2023-04-24,-0.0006680125163585314
2023-04-25,-0.0027624960764307017
2023-04-26,0.014829876723897933
2023-04-27,0.014363130898158855
2023-04-28,-0.0051248771044644995
2023-05-04,-0.0031646293590169286
2023-05-05,0.005520059073614584
2023-05-08,0.0007246048635589659
2023-05-09,0.003964121991035803
2023-05-10,0.007021046661341829
2023-05-11,0.005694055800261821
2023-05-12,0.0027058883363705443
2023-05-15,0.003359721199177575
2023-05-16,0.00505459165799455
2023-05-17,0.005750514394611562
2023-05-18,0.0009322007754458683
2023-05-19,0.014082105110164432
2023-05-22,0.007727176931030223
2023-05-23,0.00995626301375035
2023-05-24,0.0006951063075946807
2023-05-25,-0.00047136759483390445
2023-05-26,-0.0012012078356528327
2023-05-29,0.0030959953264558275
2023-05-30,-0.005655851790134391
2023-05-31,-0.0014256585783426526
2023-06-01,0.002440101296020546
2023-06-02,0.009302393671583942
2023-06-05,-0.004165553484239945
2023-06-06,0.002350193164986303
2023-06-07,-0.005825799950985775
2023-06-08,0.006796732151915518
2023-06-09,-0.009112601286606663
2023-06-12,0.001011043875805408
2023-06-13,-0.007783199282852239
2023-06-14,-0.0010571753637892388
2023-06-15,0.007024377335544066
2023-06-16,-0.0007186266069591791
2023-06-19,-0.012671674677175929
2023-06-20,-0.004268104398557482
2023-06-21,0.010261074277373815
2023-06-26,0.009775312306958748
2023-06-27,0.009638494068620197
2023-06-28,0.007223177961705685
2023-06-29,0.003401827459714752
2023-06-30,0.005022899229687992
2023-07-03,0.006480242212330749
2023-07-04,-0.0015661718925495472
2023-07-05,0.005806089604478327
2023-07-06,-0.0045326700995687134
2023-07-07,0.006291217399548368
2023-07-10,0.0028438094519899295
2023-07-11,0.0006881818245137476
2023-07-12,-0.004276638926478069
2023-07-13,0.003506233424745663
2023-07-14,0.010401310590382039
2023-07-17,2.8787785205500183e-05
2023-07-18,0.003168739321439581
2023-07-19,0.006689383339858709
2023-07-20,0.00042071453557709915
2023-07-21,0.0052653941155588
2023-07-24,0.007486578809229216
2023-07-25,0.002805693072538286
2023-07-26,3.229675526491421e-05
2023-07-27,0.004367723831886215
2023-07-28,0.0005877483242157115
2023-07-31,-0.008213088845786448
2023-08-01,0.004526457466595925
2023-08-02,0.0009564409479652846
2023-08-03,-0.004579761886883438
2023-08-04,-0.0009275653237427539
2023-08-07,-0.0010629569296102637
2023-08-08,0.008919874695134779
2023-08-09,0.0019369039818082877
2023-08-10,0.0012477294730207228
2023-08-11,0.008213505338414522
2023-08-14,0.003373952527076108
2023-08-15,-0.003074636901795369
2023-08-16,-0.011245103960896327
2023-08-17,0.008424053415867938
2023-08-18,0.009995596445397565
2023-08-21,0.0028424822552296615
2023-08-22,-0.007489341070826569
2023-08-23,0.0016553372426522106
2023-08-24,0.005444043432926429
2023-08-25,0.009427096805974138
2023-08-28,-0.001394226766826729
2023-08-29,-0.0029877662390556253
2023-08-30,0.004532407041746218
2023-08-31,0.0034991645864723437
2023-09-01,0.009339937485838331
2023-09-04,0.006404919279850785
2023-09-05,0.009558608114516535
2023-09-06,-0.001472682993324318
2023-09-07,0.0018242088560368915
2023-09-08,-0.0005167579233052852
2023-09-11,0.009347765812990835
2023-09-12,0.005597488498120057
2023-09-13,-0.002544878603091773
2023-09-14,0.0012220387515105777
2023-09-15,0.0025580447931399797
2023-09-18,0.0049676714328926
2023-09-19,0.0011057808234127744
2023-09-20,0.0032024070475147057
2023-09-21,-0.0007424343281662469
2023-09-22,0.0005566875492956577
2023-09-25,-0.007926776256792802
2023-09-26,-0.0030909958939251904
2023-09-27,0.0034116372825282954
2023-09-28,-0.0017233739135353154
2023-10-09,-0.012610457754727085
2023-10-10,-0.004287211974300315
2023-10-11,-0.0023610253811869666
2023-10-12,-0.0010229170574504766
2023-10-13,-0.014600660724840347
2023-10-16,0.0024709473333920868
2023-10-17,0.011147023870140273
2023-10-18,-0.005931684871755324
2023-10-19,0.01246639503891525
2023-10-20,0.012344660685124945
2023-10-23,-0.005191916611470497
2023-10-24,0.00020002051482299193
2023-10-25,-0.001194579951649304
2023-10-26,-0.005301426943170417
2023-10-27,0.008668750063013786
2023-10-30,-0.00728551758695432
2023-10-31,0.005368265337623876
2023-11-01,0.007787688860006137
2023-11-02,0.004044762422657224
2023-11-03,0.003960504401438577
2023-11-06,-0.010175721320050006
2023-11-07,-0.007778174019480418
2023-11-08,-0.007944251275454266
2023-11-09,0.014523906597396849
2023-11-10,0.005840357851250289
2023-11-13,0.001917131877640789
2023-11-14,-0.007233785876645237
2023-11-15,0.002259643051899401
2023-11-16,0.0004185132743458834
2023-11-17,-0.00209630725655216
2023-11-20,-0.0018794151255378116
2023-11-21,0.0023080536926493797
2023-11-22,0.0014511946575956405
2023-11-23,0.009222832849799207
2023-11-24,0.0019479171294732572
2023-11-27,0.003105005665924086
2023-11-28,0.0032374068177290763
2023-11-29,0.0025827185855247185
2023-11-30,0.0018176250415917194
2023-12-01,-0.006846889461006091
2023-12-04,-0.004317988726041073
2023-12-05,0.0008270846517824081
2023-12-06,0.0012547726292946849
2023-12-07,-0.0014869307968262083
2023-12-08,0.00019112072554957477
2023-12-11,-0.005395018783356331
2023-12-12,-0.002282419929504628
2023-12-13,-0.0016847782226639598
2023-12-14,0.005845293571908142
2023-12-15,-0.001203333352781757
2023-12-18,-0.004475774629090105
2023-12-19,0.003737233318533253
2023-12-20,0.0031867092291962933
2023-12-21,0.0037820745906610173
2023-12-22,0.015931192061359907
2023-12-25,-0.0023533736556523915
2023-12-26,-0.003491129950017425
2023-12-27,0.005082979105754393
2023-12-28,0.011538513775060178
2023-12-29,1.8631840193836235e-05
2024-01-02,0.004944526579755944
2024-01-03,-0.0019404544678430224
2024-01-04,0.0050652161461783324
2024-01-05,0.0061740971450283885
2024-01-08,-0.006393689693276028
2024-01-09,0.0008294505440256204
2024-01-10,-0.0026905443694114593
2024-01-11,0.00199320898844204
2024-01-12,-0.0015274336746833195
2024-01-15,0.00013308175740432595
2024-01-16,-0.007610724322283569
2024-01-17,0.002692588159409332
2024-01-18,-0.006543542133195022
2024-01-19,0.012653145113588078
2024-01-22,-0.010870580850698697
2024-01-23,-0.0016452013036510633
2024-01-24,0.0035967609851031805
2024-01-25,0.001282096181204756
2024-01-26,0.00041701806785993806
2024-01-29,0.004626415261575069
2024-01-30,0.004520009548130768
2024-01-31,0.0010023946598430311
2024-02-01,0.005915983523139261
2024-02-02,-0.0038075831921821693
2024-02-05,0.015374522728822268
2024-02-06,0.0029239117673897216
2024-02-07,0.02736426649328306
2024-02-08,-0.015362991438003959
2024-02-19,-0.03802465483031059
2024-02-20,-0.015186731893203385
2024-02-21,-0.009460506939890381
2024-02-22,-0.024272471956328954
2024-02-23,-0.030022100932104907
2024-02-26,-0.018164326436266705
2024-02-27,-0.010464365520070754
2024-02-28,0.050634378214203336
2024-02-29,-0.01062350263776142
2024-03-01,-0.007569465837655902
2024-03-04,-0.0069522235697858726
2024-03-05,0.007700549012883133
2024-03-06,-0.011318490221164533
2024-03-07,-0.009396981657405374
2024-03-08,0.0010316609130238599
2024-03-11,0.001231221890650884
2024-03-12,-0.00250419144731928
2024-03-13,0.007117817076465955
2024-03-14,-0.0028212588286049486
2024-03-15,0.0020329862668949407
2024-03-18,0.0034865937617310286
2024-03-19,0.0030432627925285425
2024-03-20,-0.00036935530926078194
2024-03-21,-0.00017648643298522775
2024-03-22,-0.0008407088582466152
2024-03-25,0.007363365442880729
2024-03-26,0.004015264662514801
2024-03-27,0.006890019692547739
2024-03-28,-0.005195133655561714
2024-03-29,0.006547124599535476
2024-04-01,-0.0013324643598771752
2024-04-02,-0.003492591014444153
2024-04-03,0.010109177114419918
2024-04-08,0.00091862449897228
2024-04-09,0.0013462517039151724
2024-04-10,-0.001137496714856922
2024-04-11,0.0069372157208588
2024-04-12,0.0037726931087090666
2024-04-15,0.013116418015940025
2024-04-16,0.012338750266151138
2024-04-17,-0.021305980089041568
2024-04-18,-0.0073469273742526025
2024-04-19,-0.0065368516016068206
2024-04-22,0.015379606582985029
2024-04-23,0.012646339458392135
2024-04-24,0.011857405131895232
2024-04-25,0.004788034548858088
2024-04-26,0.009190180435260955
2024-04-29,0.010821540128116793
2024-04-30,0.0021442428027501417
2024-05-06,-0.005259790080072685
2024-05-07,-0.0028137930444699435
2024-05-08,-0.0020841064583593354
2024-05-09,0.0033947514986932166
2024-05-10,-0.004982782603793496
2024-05-13,-0.009401110645647519
2024-05-14,0.009521218335223557
2024-05-15,-0.0005589771758709554
2024-05-16,-0.003631282190865532
2024-05-17,-0.007118798390156096
2024-05-20,0.0048855545288825145
2024-05-21,-0.002344715137948582
2024-05-22,-0.0007951474346677362
2024-05-23,-0.0032496589115604373
2024-05-24,0.012258917345024158
2024-05-27,0.00665607556320855
2024-05-28,0.000944796175628022
2024-05-29,0.00034813229333467916
2024-05-30,0.0094403067235276
2024-05-31,0.013185669038001
2024-06-03,-0.0009633873276102822
2024-06-04,-0.006135966365657177
2024-06-05,0.005323369961658834
2024-06-06,-0.006643319308484309
2024-06-07,0.013271698828422478
2024-06-11,-0.006631692933572001
2024-06-12,-2.4352126799125073e-05
2024-06-13,-0.0017694535990431762
2024-06-14,0.0010677018897825457
2024-06-17,-0.010567031313690793
2024-06-18,0.007404218648026203
2024-06-19,0.004811573817462723
2024-06-20,-0.005118902198709911
2024-06-21,0.010283850177446045
2024-06-24,-0.0091666558672438
2024-06-25,0.011770639968682158
2024-06-26,0.005620499172143585
2024-06-27,-0.0013057491200749206
2024-06-28,-0.0012427234164467953
2024-07-01,0.008011292325918124
2024-07-02,0.006434025425676944
2024-07-03,0.0057662909109086795
2024-07-04,-0.0011177568584233542
2024-07-05,0.005555897824092118
2024-07-08,-0.004813269882909747
2024-07-09,-0.010497753282800143
2024-07-10,-0.0017804899617486223
2024-07-11,0.0018537262126590882
2024-07-12,0.0024786589626134884
2024-07-15,-0.0010035456853743144
2024-07-16,-0.004493301517717245
2024-07-17,0.004551227300076972
2024-07-18,0.0021514504602036383
2024-07-19,0.007364928494669665
2024-07-22,-0.004341649400064372
2024-07-23,-0.0060274555610960664
2024-07-24,0.00045363584130001314
2024-07-25,0.0016802031896695569
2024-07-26,0.008555896658082474
2024-07-29,-0.006298562034503659
2024-07-30,-0.003155007147521284
2024-07-31,0.010629249462975901
2024-08-01,-0.008472772119077147
2024-08-02,0.004771575059013031
2024-08-05,0.003702095030832221
2024-08-06,0.002169063013149255
2024-08-07,0.006721755540956701
2024-08-08,0.006572364847892864
2024-08-09,0.008924097414407303
2024-08-12,0.007333679896832427
2024-08-13,0.0014156356400815652
2024-08-14,-0.0028330170921296374
2024-08-15,-0.00041752806693085877
2024-08-16,0.001958832680620716
2024-08-19,0.003371788076158804
2024-08-20,-0.003461267934686504
2024-08-21,0.004405865685728986
2024-08-22,0.005121132883087132
2024-08-23,0.0015990609852083873
2024-08-26,-0.0003047901023693518
2024-08-27,0.0035185030806212086
2024-08-28,0.006854353381152317
2024-08-29,0.002142216674622704
2024-08-30,-0.004035847544296332
2024-09-02,-0.009535877265517844
2024-09-03,0.00041183293647861254
2024-09-04,0.00785619723637341
2024-09-05,0.0035626990101298908
2024-09-06,-0.004198340443458997
2024-09-09,0.0006892673487697062
2024-09-10,0.004748918590788042
2024-09-11,0.0019203783564454516
2024-09-12,-0.004150695954826568
2024-09-13,0.0012252097010190671
2024-09-18,0.00013403764374670703
2024-09-19,-0.0005747561664597098
2024-09-20,-0.008958236536230266
2024-09-23,0.0015701380708159174
2024-09-24,0.005539527188633972
2024-09-25,-0.0004817219298172311
2024-09-26,-0.0037073763524821807
2024-09-27,-0.00697215655855201
2024-09-30,-0.01336467588795981
2024-10-08,-0.0713384799036931
2024-10-09,0.01023899722116195
2024-10-10,0.05580679436731674
2024-10-11,0.028266282410950347
2024-10-14,-0.01872114444885604
2024-10-15,-0.0006398899223882364
2024-10-16,0.002913287768270557
2024-10-17,-0.00754695907511794
2024-10-18,-0.013426742726138516
2024-10-21,-0.019009871359484218
2024-10-22,0.009188466900560828
2024-10-23,0.0007552491208225411
2024-10-24,0.001050757247361863
2024-10-25,-0.01130733428758417
2024-10-28,-0.019783829666731437
2024-10-29,-0.01163434561114498
2024-10-30,-0.015287019432311753
2024-10-31,-0.011638427447841028
2024-11-01,0.013222089107665619
2024-11-04,0.011259039876090959
2024-11-05,-0.006900533065812675
2024-11-06,-0.0046340148848839705
2024-11-07,0.014372505311909112
2024-11-08,-8.852397294575876e-06
2024-11-11,0.007363605340536299
2024-11-12,0.01269749362840051
2024-11-13,0.009325080937914905
2024-11-14,0.006243206197117532
2024-11-15,0.017459302932261975
2024-11-18,0.002730551158388564
2024-11-19,-0.002305257895234409
2024-11-20,-0.006755912060258763
2024-11-21,-1.5227648990324624e-05
2024-11-22,-0.005727126294330531
2024-11-25,0.004165932941336936
2024-11-26,0.011946076341069466
2024-11-27,0.0026084043584540806
2024-11-28,-0.0028185051792278502
2024-11-29,-0.0007389617136078566
2024-12-02,-0.009909084872754142
2024-12-03,0.0005108113038845906
2024-12-04,0.002175022249850514
2024-12-05,-0.0026185908832481453
2024-12-06,0.005796305110830078
2024-12-09,-0.0029944104575221654
2024-12-10,-0.003999360423096166
2024-12-11,-0.000635095051937689
2024-12-12,0.0018344740317028253
2024-12-13,-0.00591706296771001
2024-12-16,0.004349954936137062
2024-12-17,0.016669746113058062
2024-12-18,0.0003249535102210783
2024-12-19,0.00867876533693982
2024-12-20,-0.0016877939333218989
2024-12-23,0.008837718812269649
2024-12-24,0.0040795826445488405
2024-12-25,0.0074716101114803216
2024-12-26,-0.005538794400373203
2024-12-27,0.004526584291454622
2024-12-30,0.008605994918678413
2024-12-31,0.002477508855795025
2025-01-02,-0.014862858399897257
2025-01-03,0.006124436926024088
2025-01-06,0.015201921316476867
2025-01-07,-0.0101551654514528
2025-01-08,-0.013672315324348153
2025-01-09,0.002365585768314595
2025-01-10,0.010473670839891442
2025-01-13,0.01682605969025522
2025-01-14,0.0005651979077496219
2025-01-15,0.0047004865903164765
2025-01-16,-0.00038723018933779427
2025-01-17,0.002587328391809577
2025-01-20,0.0018703553127664523
2025-01-21,-0.010303943550542663
2025-01-22,-0.0009108485379292989
2025-01-23,0.008711044256389756
2025-01-24,0.0007345202504033359
2025-01-27,0.009179772361797404
2025-02-05,0.008039285722361551
2025-02-06,-0.003961611761981662
2025-02-07,0.0012065340615710733
2025-02-10,-0.005249967320614293
2025-02-11,-0.00444774838335295
2025-02-12,-0.009655021290738582
2025-02-13,-0.001993108680613552
2025-02-14,-0.009568953217519218
2025-02-17,-0.0036428350805493784
2025-02-18,0.011420662104430324
2025-02-19,-0.009252596960669893
2025-02-20,-0.0017468842105355514
2025-02-21,-0.017182062958819824
2025-02-24,0.010044761558618482
2025-02-25,-0.0009099044800351345
2025-02-26,-0.0051032803455903115
2025-02-27,0.013090754441114193
2025-02-28,0.02374814619417181
2025-03-03,0.006640448395645393
2025-03-04,-0.005685833589853473
2025-03-05,-0.01025601554277786
2025-03-06,-0.009686557187969413
2025-03-07,0.002470731476680528
2025-03-10,0.0070674003028196805
2025-03-11,-0.004049152827690639
2025-03-12,-0.00037888729487738255
2025-03-13,0.009870116315734864
2025-03-14,0.005693640375087114
2025-03-17,-0.003535784710129367
2025-03-18,0.0027724805219431162
2025-03-19,-0.0009338776663803446
2025-03-20,0.005139784876961155
2025-03-21,0.003908275187161886
2025-03-24,0.004173306507102688
2025-03-25,0.015082319885793963
2025-03-26,-0.00011598589920685208
2025-03-27,0.012345391813027209
2025-03-28,0.0011016168319539828
2025-03-31,0.0010040253427390424
2025-04-01,0.0032654075851888094
2025-04-02,0.0015777764454493596
2025-04-03,0.000855165613039461
2025-04-07,-0.026821196435868777
2025-04-08,-0.013381238544655547
2025-04-09,-0.000825330008680205
2025-04-10,-0.0055515572014261
2025-04-11,0.021641850902028498
2025-04-14,-0.0027685753792268154
2025-04-15,0.005439231105799629
2025-04-16,-0.005841535868335766
2025-04-17,0.0010865034414834114
2025-04-18,0.01395445673897476
2025-04-21,0.007788205553833763
2025-04-22,-0.01036712978628316
2025-04-23,0.028668880689917395
2025-04-24,-0.009083693041345185
2025-04-25,0.005217996877422297
2025-04-28,0.00807257532165408
2025-04-29,0.0048774564519750785
2025-04-30,0.014159224678917538
2025-05-06,-0.0004292642835776392
2025-05-07,-0.007922844048522254
2025-05-08,0.008747581458900046
2025-05-09,0.006769121468787165
2025-05-12,-0.008671630645801991
2025-05-13,0.00017154463706915972
2025-05-14,-0.00621776769080816
2025-05-15,0.004868048644356736
2025-05-16,-0.007893547237045093
2025-05-19,0.001730134288143623
2025-05-20,0.001272052076921059
2025-05-21,0.0011943498096443463
2025-05-22,-0.0010057641678187616
2025-05-23,-0.00025408375911580364
2025-05-26,-0.0033204596474837623
2025-05-27,-0.006261006192488214
2025-05-28,-0.001390366658440811
2025-05-29,0.005141534115494574
2025-05-30,0.009316724992402929
2025-06-03,-0.004201727576489671
2025-06-04,-0.001810385388456414
2025-06-05,0.009426039245973298
2025-06-06,0.008660476855341274
2025-06-09,-0.011494449122397034
2025-06-10,-0.0037194148807723083
2025-06-11,0.0060851272281119365
2025-06-12,-0.004629527393877694
2025-06-13,0.006138018403557859
2025-06-16,-0.004678232097011826
2025-06-17,0.008527570738144906
2025-06-18,0.0029713085088463823
2025-06-19,0.006417862015662183
2025-06-20,0.009025375977969735
2025-06-23,-0.007383162705752063
2025-06-24,0.008954818615909133
2025-06-25,0.0027033297071903037
2025-06-26,-0.0018363418879429158
2025-06-27,0.0007721884381886443
2025-06-30,-0.004873381057096383
2025-07-01,0.0028934599433180688
2025-07-02,0.010071350881033728
2025-07-03,-0.00043416367919422473
2025-07-04,0.0005012941260071884
2025-07-07,-0.0015761744257823075
2025-07-08,-0.005284538835712846
2025-07-09,-0.0027316162344749057
2025-07-10,0.0069357645420894285
2025-07-11,0.0031046725222701067
2025-07-14,0.007865624958895388
2025-07-15,0.0009439497422693219
2025-07-16,0.00549529754545674
2025-07-17,-0.005944468304352312
2025-07-18,0.00030161494000396655
2025-07-21,0.006548846211907831
2025-07-22,-0.0006469109629180126
2025-07-23,0.00046442840458725196
2025-07-24,-0.0006531281574831647
2025-07-25,0.00740683301057073
2025-07-28,-0.004255965647039125
2025-07-29,-0.01113328915422629
2025-07-30,0.0028246729642199663
2025-07-31,-0.004367777680465645
2025-08-01,0.007278551729442497
2025-08-04,0.00031311491486463346
2025-08-05,0.007525395890812976
2025-08-06,-0.0013369416480045488
2025-08-07,-0.0007255432316701012
2025-08-08,-0.0010758560716848113
2025-08-11,-0.004286187969672957
2025-08-12,1.6746990901985673e-05
2025-08-13,-0.010747792396504693
2025-08-14,0.0070970769537292075
2025-08-15,-0.00970263384645281
2025-08-18,-0.015173293211698448
2025-08-19,0.002004426626669286
2025-08-20,0.010180550300381529
2025-08-21,0.016106060587565592
2025-08-22,-0.006307244549476581
2025-08-25,-0.008321642268970773
2025-08-26,0.009791383608547083
2025-08-27,-0.0063225074067568
2025-08-28,-0.01565264154044836
2025-08-29,0.0007718026311104636
2025-09-01,-0.0014565381885823896
2025-09-02,0.00941880754748327
2025-09-03,0.0012612731590464568
2025-09-04,0.0229970344763155
2025-09-05,-0.00875813553113445
2025-09-08,0.00898657156172459
2025-09-09,3.797513728368701e-05
2025-09-10,-0.006177693638101487
2025-09-11,-0.01362164669078738
2025-09-12,-0.0068582073789134205
2025-09-15,-0.006111159068523866
2025-09-16,-0.0017296141995531786
2025-09-17,-0.0017615195662415576
2025-09-18,-0.006183192854347672
2025-09-19,0.005026251460730275
2025-09-22,-0.007008916756476517
2025-09-23,-0.00568817330481061
2025-09-24,0.006346499309226514
2025-09-25,-0.001851151566737051
2025-09-26,0.00839468067963135
2025-09-29,-0.007925581425845332
2025-09-30,0.0014869135821822784
2025-10-09,-0.0009711918809145658
2025-10-10,0.017899839894940112
2025-10-13,-0.00044977266682257695
2025-10-14,0.014852766955951531
2025-10-15,-0.0006181699222441717
2025-10-16,0.000662547221039601
2025-10-17,0.014206268641170632
2025-10-20,0.0001999719257324492
2025-10-21,0.0007523575740801536
2025-10-22,0.01066105045232274
2025-10-23,0.008782807344933476
2025-10-24,-0.006559398654374592
2025-10-27,-0.006540429244834181
2025-10-28,-0.000413149633691898
2025-10-29,-0.00638411565337664
2025-10-30,-0.004581095435585577
2025-10-31,0.009922968646853679
2025-11-03,-0.004771665739446981
2025-11-04,-0.003318400824043369
2025-11-05,-0.0023019378233623457
2025-11-06,0.002296099672223228
2025-11-07,-0.005040778419034828
2025-11-10,-0.002184536875511933
2025-11-11,-0.0034661900850098486
2025-11-12,0.00028337730974638525
2025-11-13,-0.009587578407721125
2025-11-14,0.008023871982443755
2025-11-17,-0.00783856697849013
2025-11-18,0.008952785766831667
2025-11-19,-0.0011379180797106252
2025-11-20,0.004219160189161303
2025-11-21,0.013355961730153867
2025-11-24,0.008216690740964537
2025-11-25,-0.0052263610138194964
2025-11-26,-0.0006147645653072249
2025-11-27,0.004568183485090825
2025-11-28,-0.0011439453605295077
2025-12-01,0.0014530583281782156
2025-12-02,-0.00783515904262936
2025-12-03,-0.0002586517773525837
2025-12-04,0.008122235882748362
2025-12-05,0.00044196142918716264
2025-12-08,-0.008401017931947086
2025-12-09,0.00021002018539596334
2025-12-10,-0.004047238390696149
2025-12-11,0.007301276517149182
2025-12-12,0.002717320414042977
2025-12-15,0.0032441535600745176
2025-12-16,0.004750128796422684
2025-12-17,-0.001241588027689814
2025-12-18,0.007775690777236779
2025-12-19,0.007350739487036937
2025-12-22,-0.004975444565703765
2025-12-23,-0.0026038288837793907
2025-12-24,-0.0069364351003750185
2025-12-25,-0.0008931962000250284
2025-12-26,-0.007558982236834124
2025-12-29,0.0011459303985126177
2025-12-30,0.0032707277146674313
2025-12-31,0.0029597887778553458
