,1,2,3,4,5,6,7,8,9,10,H-L
2023-01-04,-0.003889156047688568,-0.003806211017504197,-0.0006324756753425778,-0.00152336562429567,0.0025220280721309904,0.00011170306839314943,0.004759034134475838,-0.004929621306530482,0.003950290077961995,0.003517144849984998,0.007406300897673566
2023-01-05,0.0029449932708844224,-0.003329549580825934,-0.002600972217001918,0.0018376399982437705,0.001004687207952387,0.0015870340189422427,0.0014264079484096388,-0.001907480554488649,0.0009918842171816318,-0.0020130726843484463,-0.004958065955232869
2023-01-06,0.0020467089774455147,-0.001584147506441647,0.002260541576440925,-0.0018244237681844288,-0.0003316150419648933,-0.0013358233867035245,0.004848581481950595,0.001623036691264883,-0.0025354881279907237,-0.0032054408117246024,-0.0052521497891701175
2023-01-09,-9.770392040381521e-05,-0.0003801964491179752,0.0013286328460138943,-0.0004918197982458487,0.0032099335378432685,-0.001334056995448329,0.0005126276794250021,0.0020969270606309154,-0.004816717248608868,1.4203346135666746e-05,0.00011190726653948196
2023-01-10,-0.0012299083107663758,-0.0001248960290332749,0.006843759008963203,0.0013904507793200288,-0.004623525005330786,-0.0031166666657087318,0.0024881063720214687,-0.0031518313675938463,-0.0008824744268113679,0.002402076045535445,0.003631984356301821
2023-01-11,-0.0049968282840195805,9.762039931327264e-05,-0.003150460473142266,0.002523063542911646,0.0011934065358601155,-0.002367912678818705,0.002126575303917181,0.004049166426011831,0.0020640236635205257,-0.0014456616586174759,0.003551166625402105
2023-01-12,0.00028410057572926745,-0.004301498561748051,0.004595364928584376,0.0013299983770040558,0.0014477756194528884,-0.0012242417031623398,0.0015130037626403948,-0.0010803318055287833,-0.0023638756050416623,-0.00014343554513725914,-0.0004275361208665266
2023-01-13,-0.001442810193593897,0.0004171569468682521,-0.002931551510053802,-0.002552585328971105,0.0038506654614737495,-0.0033949936014939022,0.0003049265854566653,0.0007903316404396291,-0.0007835901042797862,0.005631725834732062,0.007074536028325959
2023-01-16,0.005592428295414469,0.0018744544620725083,-0.0013063918243078787,-0.0007205326644433334,-0.0016719322564617129,0.003394276900400817,-0.0010202854151798466,0.00026891378658378245,-0.0020226731436611516,-0.004508683793209935,-0.010101112088624404
2023-01-17,0.0042992784444464225,0.001059154477586235,-0.001068852559139184,0.0013847721818494392,-0.0006842062125475448,2.9863478760604168e-05,-0.0031357049840934218,-0.0004900696259689142,-0.0018260897487585785,0.0003820944559718266,-0.003917183988474596
2023-01-18,-0.0002709540749531676,0.002446291259720702,0.0011350988594255413,-0.0014039584445257043,0.0015538772948594974,0.0042251858859729124,-0.002689963381542738,0.0010453785681094495,-0.0016710334195174238,-0.00424180928127892,-0.003970855206325753
2023-01-19,0.0038400146853343527,0.008980503735827636,-0.003262591775106351,0.0003883382676985372,-0.002336122005376492,-0.0005649781759753316,0.002411753323206658,-0.0017054391301107655,-0.0019308909132303204,-0.0057645861804498,-0.009604600865784154
2023-01-20,-0.0015004505869635949,0.004165196224243154,0.003430271113971347,-0.002058314459527796,0.001737015893774597,-0.0015294447178890605,0.0022683559940856243,0.0016632899933086706,-0.003945045132242086,-0.004161062365369103,-0.0026606117784055082
2023-01-30,-0.00373313116314786,0.0030142817994076093,0.00019262112137926075,0.002206373525540383,0.0023799657970938965,-0.0002680870574309339,0.0036731474379937718,-0.005091342521359283,0.0024046569310775248,-0.004655852845822259,-0.0009227216826743988
2023-01-31,0.0022809355950697495,-0.0023844379358258557,0.0011850340933892583,0.003996190585404774,0.0026700606834493858,0.0015871229092498055,-0.005189509728400707,-0.0013735390648484,-0.004588507659371838,0.0016850676853049473,-0.0005958679097648023
2023-02-01,0.005387643168826143,0.0034202962234039422,0.0014358682821874178,0.001743098265599289,0.0058404432683698505,0.00022589302160568514,-0.0038308479746954013,-0.002050616626461877,-0.005119403009734177,-0.007094129613282883,-0.012481772782109025
2023-02-02,-0.002353291208771969,-0.0030587183630167024,-0.003282791100795666,-0.0010444297085502293,-0.0019043531283910852,0.001761928949713801,-8.244978502742225e-05,0.001463493735908105,0.0033939724174290938,0.005069125759566376,0.007422416968338345
2023-02-03,0.002915443798747316,-0.0011736465247599009,0.0005112257844598269,0.0006069246143959592,-0.0007623702343531935,0.0025010909479222516,0.00034854461836847177,0.00014768239813000984,-0.0028116792229980216,-0.0023375017610032084,-0.005252945559750524
2023-02-06,0.0024289766046190786,-0.0033499071326422193,-0.003647930015983584,-0.0015402678402040772,0.0008922417853055285,-0.000419827529224358,0.0018169894973647416,0.0028305058569833797,0.0017829338748208746,-0.0007881806678962045,-0.003217157272515283
2023-02-07,0.00011174318371619512,-0.0006070026313057111,-0.0027337782024189792,0.003997668086238859,0.004119911095984212,-0.001119466585132593,-0.002084921083241989,-0.0036240829740110335,0.0015479234980701894,0.0003696162803982061,0.00025787309668201096
2023-02-08,-0.006710933956860534,-0.003819810884956405,0.0007083093550767083,0.0019079749353307295,0.0036799646616114323,0.0014033212256596727,0.00044488165831414197,0.0005404478980126576,0.0008546525312464559,0.0010382497084380085,0.007749183665298543
2023-02-09,0.004109606444210654,0.003717026793065547,-0.0037077180009916283,-0.0002869013393949251,0.0030082082049281904,-0.0013342901635431932,0.0004462572491028441,-0.0006753837567133379,-0.003697031441321018,-0.0015765868711489581,-0.0056861933153596125
2023-02-10,-0.0014501780935655417,-0.004235720465713643,0.001446482145149943,0.0014306106981100712,-0.0032699905478104038,0.004418796269830948,-0.00018221332061588527,-0.0007189898951670435,0.002071141405578725,0.0004913701978488771,0.0019415482914144188
2023-02-13,0.002316053257490969,-0.0016368737186123717,-0.001923872322363919,0.0007393965751427451,-0.0017972381469402651,-0.0027829569124032806,0.0003096980756174168,-1.9853440957737136e-06,0.0033176747958434394,0.0014590425166328606,-0.0008570107408581082
2023-02-14,-0.0002538827303316761,-0.0028358131568605497,-0.0004429168536697293,0.0015099931050031553,-0.0038459586766902403,0.001017701695540137,0.0025715234378579856,0.0008747121736161677,0.0018639217670245417,-0.00043029082118004394,-0.00017640809084836786
2023-02-15,0.003768911118042806,-0.0034873920689476082,0.0025973505554745834,-0.0002820836503868592,-0.0029771183584260466,0.0027697248652669452,-0.0012451474326336262,0.004467797271455682,-0.005256982687108093,-0.0005050972322139639,-0.00427400835025677
2023-02-16,-0.011051292251072134,0.0012176918707063856,-0.0018045326680300416,-0.0008639507884597662,-0.0028236483867670544,0.0017798641140763173,0.002444370603829152,0.0031153065378150438,0.005268824680805833,0.002779066571693101,0.013830358822765235
2023-02-17,-0.01349406568475847,-0.0063409730026701815,-0.0016383231588689914,-0.0011340857297670326,-6.165780465180494e-05,0.001218318491145464,0.005538258030877944,0.006340424230199428,0.0020059106640183,0.007590560334298153,0.021084626019056623
2023-02-20,-0.0009933518744840051,0.004278389248852152,-0.0006039574443614728,-0.0008640408750215341,-0.002340007974929834,0.003849092127770619,-0.0018464464342271556,-0.002157037581154499,-0.0014509187515979107,0.002205261401708981,0.0031986132761929863
2023-02-21,-0.001120706327842948,-0.0036513472739599655,0.0019423760332738832,0.0005737393566791908,0.0017122430487169393,0.0029526310215532998,0.0009095272408344412,0.0016161452287090997,-0.001438672388088666,-0.003437847955495308,-0.0023171416276523598
2023-02-22,-0.0035559437791492015,0.001738896922584047,0.0008692151067271888,-0.0012699967846887333,-0.0028200645454646064,0.002273408703522683,0.0005702365728664656,0.0018337572783871546,-0.0005516140507095674,0.0009575727499950243,0.004513516529144225
2023-02-23,0.002971449357936186,0.00043259939732205924,-0.0005972304210730122,-0.0017289767077274237,-0.0006002590162264392,-0.0010248458075154555,-0.0013222643178068757,-0.00015551370680508183,0.001560887748096131,0.0004031286532892197,-0.0025683207046469664
2023-02-24,-0.002648339566683292,-0.0032585474266379664,-0.00275773481207288,-0.0029106017736115156,0.0020499053695489404,-0.0012613125794183422,0.0030448638447823657,0.00447671448310535,0.0027030232456466043,0.000564714456764145,0.0032130540234474366
2023-02-27,-0.0027337677061169243,-0.003406294124416902,0.004023459734884494,0.0013423990008511345,-0.0004957457395775948,-0.0015266318763260936,-0.00019551704407245855,-0.001048125100787904,-0.00017468328261151093,0.004214906138173792,0.006948673844290716
2023-02-28,-0.00367770703639882,0.00023571531634148567,0.0017630743505278143,0.002098621752702844,0.0006581540746490522,0.0006812832568707167,-0.0012209440244301832,-0.0031671646253258728,0.00044178504287900036,0.0022008075573214923,0.005878514593720312
2023-03-01,0.007869154670982734,0.004043182661194353,0.0006677668454246289,0.0018952026023130333,-0.0005098787195703669,-0.003357133265391509,-0.0008914021846631837,7.941457926468525e-05,-0.003591332409143548,-0.00627211744571868,-0.014141272116701414
2023-03-02,0.0009656494116763693,-0.0015367961832672811,-0.0011078718122883608,0.00074767800098093,-0.0017235060003912275,-0.0002667878067957887,0.004766839098411203,-0.0013742625384020836,-0.0018493798452871618,0.0013731019192274848,0.0004074525075511155
2023-03-03,1.788124213000569e-05,0.0026492462816940466,0.0020460725000712157,-0.0010724244470729917,0.0009388968027252568,0.002325418188559273,0.0025929693332224805,-0.004996776001373723,-0.0022480844833068945,-0.0022531994166486704,-0.002271080658778676
2023-03-06,-0.0007629605966833158,-0.005799684614575317,-0.0024947324704505513,0.0020525008221494653,0.001733145856528939,0.0007801013943202721,0.00036103697482343,-0.0004999629294154003,0.0021161983757352846,0.0025299592154535994,0.003292919812136915
2023-03-07,-0.003630523232869805,-0.0009050805239065479,-0.0027960181847165116,-0.001473247618102234,0.0009859273311442359,0.003615787818655851,0.0018476953289865918,0.0016095577353985213,0.0015178000477442943,-0.0007644097481166791,0.002866113484753126
2023-03-08,-0.0020898394907364294,0.002508887636226359,0.0003159326952256301,0.0008922920449790616,-0.0023900711647190575,0.0029024078487821193,8.334003561858002e-05,0.0001870264525333996,0.0014625900644448515,-0.0038530534807425377,-0.0017632139900061084
2023-03-09,0.0019087971972306195,-0.0012934032356946086,-0.002373012547252088,0.0005430151743928636,-0.0037595459860886504,-0.0003736915708499348,0.00045192237009830265,0.0015536324548273018,0.002305499876035012,0.00103678626730117,-0.0008720109299294495
2023-03-10,0.005613793537056685,0.0036359349681626746,-0.003013734775312653,-0.0014626101901161423,-0.005910014699759321,-0.0023787814700662402,-2.365229933933016e-05,0.005734481410280865,-0.001534524060608244,-0.0006906176700872966,-0.006304411207143982
2023-03-13,-0.004020965818496076,0.0030390402580898145,0.001763741125763456,-0.003249986614208099,-0.0008449221536188389,0.003336634930060851,-0.0027755943990880813,-0.0018036964264780476,-0.00010722646080244121,0.0045424639385115385,0.008563429757007614
2023-03-14,0.00707639278345508,-0.002397590064113153,0.0009860297574768202,0.0010751917813312576,-0.0015852170899500484,-0.00042336223883182545,-0.0032240077546275025,0.002557291905102961,-0.004269831454675779,0.0001966351300556446,-0.0068797576533994355
2023-03-15,-0.010009159761512239,-0.004497759817775357,-0.002617314088415327,0.0005909099718043654,0.0008660202295617883,0.005026600148414116,0.006172619488431107,0.004293146811875017,0.0011800459918898645,-0.0009045769713050668,0.009104582790207172
2023-03-16,-0.000284281582109509,-0.00281535918932254,-0.00042460565982022276,-0.0036646218766772727,-0.0017858716076345114,-7.148882492504237e-05,-0.00039168299313424863,0.0015235316212847477,0.0026622993271360326,0.00527262952793341,0.005556911110042919
2023-03-17,0.011898894745123904,0.004587024095310239,0.00031463255679669297,0.006031754665654327,-0.00223738917072293,-0.0011185785636356011,-0.0016425208740482448,-0.004019391114415473,-0.005210848827014631,-0.00860357751304817,-0.020502472258172075
2023-03-20,0.0003648793196701309,0.008822189911114841,0.002644198610022185,-0.0011490647974035542,0.0004218196760029903,-0.002374834383068648,-0.00467063809987423,0.0031567685182649877,-0.005174368536743172,-0.001972427563081152,-0.002337306882751283
2023-03-21,-0.006795906645752156,0.0012315890977707723,0.0010930993067160505,0.001521934231498435,-0.0021964521548703785,-0.004201432676014787,0.0025841151131799443,0.002083598579034334,0.001433318246968969,0.003225642205663595,0.01002154885141575
2023-03-22,0.010977858446508674,-0.00241882818508437,0.003055235001008119,0.0015105359627690398,7.090675159818284e-05,-0.0033110973060059556,-0.0034474318883037053,-0.002435607558737314,-0.0023712412176558756,-0.0016965519522168923,-0.012674410398725567
2023-03-23,0.010756701696167218,-0.002077172397869976,0.0058722265348365894,-0.004731787227412793,0.0027529812813408667,-0.0021516391104125236,-2.231225393873232e-05,-0.004193989232060775,-0.0008180939349851438,-0.005481997345291755,-0.016238699041458974
2023-03-24,0.013689357096636337,-0.0021018421112927736,0.005792783302755814,-0.001398060900139809,0.0009771771509707,-0.002183883050229547,-0.0035262565281377776,-0.0047117943104621795,-0.0038462129881037667,-0.002713325543155712,-0.016402682639792047
2023-03-27,4.279301155479288e-06,0.009321441388298582,0.006276178147917071,-0.0028563886584168207,0.0004843199584996555,-0.002880305382387948,0.0008098201386154385,-0.003526289287031484,-0.003502608645970295,-0.004049092768698444,-0.004053372069853923
2023-03-28,-0.00421362643805823,-0.012697879707634693,-0.004867515183794845,-0.0010012028949132811,0.0008552731797694215,-0.0013663905769400098,0.004052696504608103,0.0033985451860931654,0.006262030284955121,0.009704119341626035,0.013917745779684266
2023-03-29,0.0024632624836866315,-0.004424475724727935,0.00016878311204437772,-0.003758642271666354,0.0035534465945614674,0.00029181930601567116,0.0026527193164633386,-0.004336846538626463,0.0015053304984225294,0.0020422088142565244,-0.00042105366943010706
2023-03-30,-0.003768204643370893,-0.0022011033770864387,-0.006823604876286429,-0.00047121879440369113,-0.0017973518860218045,0.0006637916265829671,0.0014183327316590227,0.0016622792653991853,0.00238873965056792,0.008941616135491834,0.012709820778862728
2023-03-31,0.01496248159871499,-0.0005290487326052894,-0.002593762322082432,-0.0002572125580372253,-0.0007632890502332045,-0.0019809275458397882,-0.0006283469143912732,-0.0047240462898935805,-0.0002946760416936572,-0.0033771468670949307,-0.018339628465809922
2023-04-03,0.017534836297054344,0.005846707122731401,0.009340909367982419,-0.0081899977185184,-0.003526196473869476,-0.0012626504499152593,0.001883672602933586,-0.0021464307223507035,-0.006605766609365131,-0.012853231038929162,-0.030388067335983506
2023-04-04,-0.001576821839714763,-0.0025281168872183764,-0.005649948598978263,0.006041023167786565,-0.004799796216050621,-0.001845312990128935,0.0043908743893920875,0.004039410924829165,0.0009743651356275036,0.0007581349418172485,0.0023349567815320114
2023-04-06,0.004434394763571439,0.0005653799816671291,0.008027107063946107,-3.195473665602421e-05,-0.0008672370432778165,-0.0033421250562639775,-0.0022100916686512502,-0.0022560504773754195,-0.0005663494765793826,-0.0036654047728720517,-0.008099799536443492
2023-04-07,0.005790342988453195,-0.0018458807569297405,-0.005580975822293283,-0.002909075029431496,0.001597685689640809,0.0018609591245977047,0.0027665848823088942,-0.0022782899662506084,0.0007386933168802528,-0.00012781879622725798,-0.0059181617846804525
2023-04-10,-0.028155597671776052,0.0017233558570959975,0.0002339349747732403,-0.002667093165182925,0.005612710385513586,0.006794724024126339,0.005287446517950319,0.003556403533656996,0.0037393474187048486,0.0040864693757888095,0.03224206704756486
2023-04-11,0.0018741311550096295,0.0004455137030846516,0.002059508671033911,-0.000878691200144771,0.0045245488409674595,-0.001495260694846356,-0.0025589693826487997,-0.002256306207581443,-0.0017015722468045863,-4.280785196659586e-05,-0.0019169390069762255
2023-04-12,0.004269206809591589,0.004240232855971193,-0.0014301226036233712,0.002058549267996665,0.00395649479514345,-0.0025612349271062936,-0.0017630932698360332,0.001573036535902254,-0.0014269489974380908,-0.008967345165143506,-0.013236551974735096
2023-04-13,-0.010290233136298396,-0.0048641261632667975,-0.0059191093107002065,-0.00029460470278786974,0.00020802384557809007,0.0014894490018136637,-0.004537917860482734,0.01002441813753837,0.007447746712636485,0.006721164415727689,0.017011397552026086
2023-04-14,0.0006442100231146108,0.004130748205733652,-0.00164928136851912,0.0022038971665910507,0.006070331660574316,0.002605765453948369,-0.003941483063892453,-0.0006875144133450319,-0.003967781961136931,-0.005388268787043587,-0.006032478810158198
2023-04-17,-0.0028564872614120027,-0.008320682184221396,0.0006223101428036381,-0.005314733266206643,0.004016213654388819,-0.00018143581465185007,0.004705115590175163,0.0024395593961963414,0.000774436896293431,0.004115702846634452,0.006972190108046455
2023-04-18,-0.0032536354554149032,0.003029366641929245,-0.00024018320168614737,0.0023577127884156354,-0.002392552101923495,-0.0012502157113229424,-0.002133060037552976,-0.003947047828036704,0.0020468618214268233,0.0057283744137707465,0.00898200986918565
2023-04-19,0.00098480439646115,-0.0018438285172558326,-0.0007670806328931777,0.0017627496704528394,0.0013361521389513614,0.0005416218073753386,0.00026319372816739465,0.00034481295556927134,0.0007987351133063173,-0.003421160660134634,-0.004405965056595784
2023-04-20,0.010851238737266166,0.006060175561185354,0.006602077902218494,-0.0057594773360386455,-0.0018663974661093166,-0.006806969793302002,0.0032282251897677383,-0.007214604158275991,-0.0013295056508579352,-0.0039009023817198913,-0.014752141118986057
2023-04-21,-0.01604984088878245,-0.012985964241611386,-0.004508920444919098,0.0020433616356185596,0.002067970953071951,-0.004148707516113271,0.0055349709317473175,0.009588752678423407,0.006672466697674099,0.011728232745037034,0.027778073633819483
2023-04-24,0.002521283933312932,-0.004974939921851478,0.0017346162665238273,-0.0011058368779053916,0.0013705543583192909,-1.2921062996674548e-05,-0.0020646675368962988,0.001394707537687604,0.0014105127713855787,-0.00022428915039278218,-0.0027455730837057145
2023-04-25,-0.0031965956955365086,0.0008106607761125665,-0.005411513152554515,-0.003983796020038743,-0.010011766577112424,0.0011489406473662927,0.005038855023678391,0.003138993755813055,0.004877251651965201,0.007480020932338452,0.01067661662787496
2023-04-26,-0.0026858134881609817,0.0003876741442641273,-0.0015889577341075415,0.0029456514819631457,0.0035979587593327703,-0.006789792698817804,-0.003048860494364218,0.0010004728225292887,0.0038634176696082253,0.0023276649970091984,0.00501347848517018
2023-04-27,-0.019662387349861754,-0.004856584177521767,-0.0016958835517725474,-0.003855599141272976,0.0025715885052191795,0.00014632218670202748,0.0036699819454167875,0.004345014613693693,0.010666967083189155,0.008838984265376864,0.028501371615238618
2023-04-28,0.01265860584170487,0.006566068305175454,0.00045176360318911627,-0.0018798184076513442,0.008178860093744487,-0.004130628925166154,0.003887547716368633,-0.013252631207612726,-0.002894334345687519,-0.009924062604656617,-0.02258266844636149
2023-05-04,0.00024314904987507305,0.0035261426419375967,-0.0010934283041598753,-0.004203711904025047,0.003971716367200865,0.00936821197400407,0.0021661940780413327,-0.0028478315352999427,-0.005739324676460927,-0.00539607991662081,-0.005639228966495883
2023-05-05,-0.007220563743422807,0.0015125028282649202,0.003195362091058186,0.0005222579739234345,0.001657526597322704,-0.0003462815877400666,0.003060499720789165,0.0031551897473639833,-0.002067280966021967,-0.003349904346371286,0.003870659397051521
2023-05-08,0.0031897979359671014,-0.0011889725687509176,0.0003623674755974999,0.004086883954285034,0.005421147091964501,0.0011250915855247389,0.0011408512714222744,-0.0023458685511683853,-0.004752108398485035,-0.00699574464754696,-0.010185542583514062
2023-05-09,0.003537810116868883,-0.0018405453503556463,0.0004680149406183521,0.0003952058041152023,-0.0005110071319651809,0.003911316631575486,0.0026085371234380846,-0.004007991129957849,0.0014443198325994363,-0.0060163786810865615,-0.009554188797955445
2023-05-10,-0.007878561824078555,0.0028371083809382172,-0.005277170600352239,0.0020849379358466157,-0.002694308455824529,0.0012970836558753498,-0.0006891479754463804,-9.836619141502783e-05,0.006506465494499782,0.0038688763492142975,0.011747438173292851
2023-05-11,-0.013313943470208381,0.0013640511955164884,0.0019281294063454436,0.0015255345910220814,0.0029659310205000225,0.0008489024260899163,-0.000900755899169845,0.002254913923096966,0.0023912334731651104,0.0009484989074792554,0.014262442377687637
2023-05-12,-0.01253147753215825,-0.0054254548483948315,-0.005103283062579645,0.0034762456261063527,-0.0013599685845093064,-0.0009435936156724155,0.0034552500281449464,0.0037415213731545605,0.006285212791330627,0.008542501024208272,0.021073978556366522
2023-05-15,0.003782649052458532,-0.0012144259346504572,-0.0005033035720546705,0.0013484684958268618,0.001381743827175725,0.0009148878167005895,-0.0018372969945826103,-0.0025055202489731735,0.00028354730241466133,-0.001692628464402071,-0.005475277516860603
2023-05-16,-0.0011630154270135177,-0.00621591354671133,-0.0018817696981436108,-0.0004586812833242142,-0.000560040541034195,-0.0018302917296866344,0.002386933505659111,0.0026072028111803667,0.004479520513171867,0.002613958223569114,0.003776973650582632
2023-05-17,0.0009223269454848955,0.001407122651454318,0.0033211594657109717,0.004169282848180171,-0.0009943175980318755,0.0036261776076138086,-0.004510577152197506,0.0012402906013615558,-0.004602441345557402,-0.00441527147052521,-0.0053375984160101055
2023-05-18,0.010857642654207756,-0.0029578206761069056,-0.0019835604743490593,0.00044812074825026707,0.00123682216540805,-0.003846863492910288,0.0013181596207049065,0.0005483498826821388,-0.0030182624179194884,-0.0027082294916589197,-0.013565872145866676
2023-05-19,-0.008050140916767335,-0.003711937420593803,0.002179270125407357,-0.0014456342795894194,-0.0036145196519434103,0.0012728812912156389,0.0029830564422499966,0.003063850236840629,0.003288257545917748,0.004084472669799482,0.012134613586566817
2023-05-22,-0.00869445910528071,-0.003411086618103201,-0.0024750673376039904,0.001664962929203176,-0.0028689763491951134,0.001171731462523448,0.0008024617418737618,0.003628336936732469,0.0019506793934593138,0.008254851575641318,0.01694931068092203
2023-05-23,-0.0033890738121419932,-0.0021680557410456132,-0.003504821062145129,0.0030732966786572347,3.4170717213394936e-05,0.000665173756399367,0.0001396372012851162,0.00014779507231474956,0.000854068005113991,0.004098270281578252,0.007487344093720245
2023-05-24,0.0012355019517899788,0.0007901490596101545,0.0010415038477962924,-0.00257208628368919,6.0645202573710423e-05,-0.0014842450637723966,0.002399854398041057,-0.00016658181455693642,-0.0002580135890773885,-0.0010764126099907646,-0.0023119145617807434
2023-05-25,0.004789183900427602,0.0003685842674928534,-3.4717723148284174e-05,-0.0029756984827981566,0.0018859177211864569,-0.00011052130911171727,-0.0007345859423611581,-0.0020203853688262746,-0.0014708777094886332,0.00025978815860557464,-0.004529395741822028
2023-05-26,0.00042420433613596636,0.004083304074174281,-0.0022671530977954367,-0.0021076528669971856,0.0007194472534015352,-0.0020705591164216263,-0.00032680297315098905,0.0018928683356682166,0.0010334239107075505,-0.0013979015538591088,-0.0018221058899950751
2023-05-29,-0.0020273495827766836,0.0022567489539128075,-0.004501296575429827,0.000800517659097471,0.003601558412233924,-0.0005609875787275931,0.0011578888139491903,-0.0006889388903397597,0.00030928831097559327,-0.0002681603997109731,0.0017591891830657106
2023-05-30,0.013229306693271027,0.005727138648131465,-0.0014340670581723895,0.0014856257943729133,0.0019449000543207738,0.0008548962412340696,-0.009429190512375563,-0.0045051698518131685,-0.0005058772060517296,-0.007523695681810891,-0.020753002375081916
2023-05-31,0.010347267136098114,-0.00037291338261827766,-0.0012892525434775308,0.00030317240047779957,0.007381304519538347,-0.004476658135387417,-0.004123179018280759,0.0004042018514959656,-0.004586332427932941,-0.0036399595893163543,-0.013987226725414468
2023-06-01,0.0116096628838285,0.0007379259566699134,0.0025497712364646167,0.0003993436028684583,-0.0020040045603005076,-0.0023465888540143594,-0.0016745465001550479,0.0009255858143667102,-0.002390126692941164,-0.007784447522850775,-0.019394110406679273
2023-06-02,-0.007633858287050871,-0.003686537178833588,-0.00027429819448258506,0.0028992017292452637,-0.0011981747958930296,0.0034644928509147705,0.00031507548431387194,-0.003500724976877732,0.006016121531270928,0.003695876317897159,0.01132973460494803
2023-06-05,0.0004207491049700767,-0.005793439820567871,0.006558899081387261,0.0032268647647993483,-0.0045870551482437225,-0.0016349449707579145,0.000584523693682017,0.0015614431876083683,0.0006994299777504917,-0.0011003832244845207,-0.0015211323294545974
2023-06-06,-0.005735517981906258,-0.0069509082440981146,-0.003394626182022302,0.001936863180859662,0.005709420222913033,0.0024140943417741033,0.0012273563040042436,-0.0012939151234501968,0.0036027946932112626,0.0026273376894766776,0.008362855671382936
2023-06-07,0.0036382681843669887,0.003822597985468,0.001685762428404907,-0.003479370859083327,0.0036835585606086237,-0.003986030190345574,0.0009195623191571626,0.00015629880680863447,-0.00513527846096783,-0.0014625391585330093,-0.005100807342899998
2023-06-08,-0.005324397613665046,-0.0033388964769115125,-0.004419078127319776,-0.0018181214073632833,0.003655675786439118,0.001504535404620465,0.0013299573239211153,0.0009630926414655267,0.003901890652268539,0.003590686214156106,0.008915083827821153
2023-06-09,0.011101160319388698,0.004683668180351522,0.002426744738156965,0.00010029125448731899,-0.003941529904272356,-0.0038278074322423434,-0.0005587959703320356,-0.0028870965813244387,-0.0024437684347103934,-0.004743213160926095,-0.015844373480314793
2023-06-12,-0.008296350933717632,-0.008891509324215167,0.0014364259173461145,-7.38945874373168e-05,-0.0015883430810812696,-0.0018327927295579633,0.011861937694935142,0.0008341740603337285,0.002640106182589282,0.004197249335080823,0.012493600268798455
2023-06-13,0.003691917051625821,0.000991996571729495,0.0007826234858825009,0.002980599099793908,-0.00047606431712516435,0.0016170015652329072,-0.0011205502460085906,-0.001608416784521985,-0.0039873287746757715,-0.0028345766748574144,-0.006526493726483236
2023-06-14,0.00396190330376169,-0.003741991064962731,-0.002162752509945512,0.00037990732087997956,-0.0025298229995760852,0.0008450550400461238,0.0015214301455434632,-0.0018431000803217513,0.0008714293022016098,0.0026979415423732125,-0.001263961761388478
2023-06-15,-0.003264325449382762,-0.005991861036079397,-0.00021806492755497957,0.0010187091342827098,0.00284320683547434,-0.002253406097674367,-0.00021751842345832872,0.0049519639621754446,0.0009530829314186745,0.0022278229295375337,0.005492148378920296
2023-06-16,0.009014717619762282,0.004301346302234025,0.002396600628773894,0.002960315815514466,-0.0003674664902702773,-0.004341594677911039,-0.0016524089276243015,-0.00039044103704190334,-0.004712124412614727,-0.007182786683064594,-0.016197504302826876
2023-06-19,0.004950561008039841,0.005860214271671613,0.00010471287896173485,-0.0023254180938279663,-0.0016265810742560481,0.002626891046994979,-0.001723005020775931,-0.00109362740084046,-0.003223286478801164,-0.003550461137166567,-0.008501022145206408
2023-06-20,0.0047177375447044635,0.003179426644642584,0.0017192661067155508,-0.003792024498124099,-0.0035916764152121266,-0.0031179867500666964,0.0003425502910722189,0.0003541943631839439,0.000896022411419708,-0.0007284002239388833,-0.005446137768643347
2023-06-21,-0.016794825820081457,-0.011821417436843845,-0.0002693603245696816,-0.004249745710212643,0.0014462131897182565,0.0015804577574784298,0.007073574774680671,0.008054928607449911,0.006973503720809952,0.008038280396719992,0.02483310621680145
2023-06-26,-0.009136731675922664,-0.0027720939396261414,-0.000605551627301997,-0.00010638201542362627,0.0016654773398098765,-0.002482504812957682,0.0017127473521372665,0.003155675576612076,0.004593727045112755,0.00397698914028728,0.013113720816209944
2023-06-27,-0.011097531145635296,-0.0033283552262463184,-0.0016913100076563557,0.003183041853007044,0.0025987178635767686,-0.00045053285882227633,0.00317308403260686,0.0020487403055123236,0.005271509460662195,0.00028362506581861187,0.011381156211453908
2023-06-28,0.0004857172135671805,-0.0017532341127270159,-0.007788686501136093,0.0033778685130224596,0.0019580153198702228,-0.0023294123270373125,-0.003987781626816572,0.001979532371534462,0.001684716540185185,0.006210493280404706,0.005724776066837525
2023-06-29,-0.0019112902595973553,-0.0022362151301645533,0.0013614676314993488,-0.002463322540318394,0.001005484887327879,0.002696207372637296,-0.0021215251724536503,0.0015647260145365328,0.004866816994021675,-0.0028540467517442197,-0.0009427564921468644
2023-06-30,0.0005382871942070399,0.002275033434617816,0.0019395811657323594,-0.0027988653706186115,0.0011830843475391485,0.0009747074303009099,-3.454280286609439e-05,-0.0026387941916417947,0.00185125577077046,-0.0032702528294351173,-0.0038085400236421573
2023-07-03,0.0001065410509243365,9.847013425155911e-05,-0.0014275482833315599,0.00520057091940154,0.0013268246729526453,-0.001722027726692243,0.0028469869231939242,-0.0005540938443989989,-0.0073912126272412,0.0014225897946514355,0.001316048743727099
2023-07-04,0.0007565249665275418,0.002042140790567782,0.002908907216885517,-0.006744111731518833,0.002317736219755235,-0.0014607918531944957,-0.0066425625564255665,-5.8820494112909235e-05,0.007269118885224096,-0.00027107744839957853,-0.0010276024149271203
2023-07-05,-0.0028616002514507653,0.0016184287156991231,0.004232797039688305,0.0015425052113217175,-0.00032641407339977944,-0.002043426218987489,-0.001292863566410555,0.001648445952495767,-0.003934866914691492,0.0013347896502737754,0.0041963899017245405
2023-07-06,0.0036921371150570024,-0.0003907069386596271,-0.00013626312360436022,0.0024883319972368247,0.0001402595470198719,-0.0018719458678876273,0.0008174687208711703,-0.0029209121987292157,0.0006134108236923215,-0.002530362498800818,-0.00622249961385782
2023-07-07,-0.009370008123487625,-0.007464436889652124,-0.0017875067269648914,0.0006108616887729192,0.00230908367489741,0.0035621742535624037,0.0031405043017183236,-0.0006919052837272039,0.004210067488096039,0.005556192936594566,0.014926201060082193
2023-07-10,-0.0011668707182598537,-0.0014811862321230391,-0.003444791465522801,-0.002551008436159228,0.0022498602167759997,-0.002198953377173843,-0.0005635745463370466,0.000981312567138435,0.003893866416946128,0.004237366507171772,0.005404237225431626
2023-07-11,-0.0035597174236260717,-0.0007548583050392383,-0.004589916831594516,-7.011413801955848e-05,0.0012219100225095382,0.0004981121803993426,0.0032900016468022145,0.0037316569119036722,0.0011155379080521137,-0.000872649727779517,0.002687067695846555
2023-07-12,-0.005373865464467781,0.0009614438782954708,-0.0031796554822874686,0.003905533634572504,0.000493649067584085,0.0021812525006859214,-0.0006044557440409398,-0.0027349358962556864,0.0022434592490340032,0.0021075742568799024,0.007481439721347684
2023-07-13,0.00013613888078268903,-8.422490251121955e-05,-0.0009442981455680553,0.001609166649523765,0.0017508156405713934,0.0016195557459255925,0.0015930654599204993,-7.970588664543243e-05,-0.0027841253239223856,-0.002752343475887927,-0.002888482356670616
2023-07-14,-0.0027655085369242037,0.0013265049953623455,0.002118318100981554,-0.001019873488070284,-0.00015210547799322945,-0.0022285179460524024,0.0027058467777347534,0.000299254476123189,-0.001061182800226288,0.0007810449916856065,0.0035465535286098105
2023-07-17,-0.004525893993506928,-0.0009421903436583551,0.0014844922581803766,-0.0015775129815837501,-0.0036557759670342582,0.001969215441890979,0.0034389120774964595,9.596351264321023e-05,9.795673848449074e-05,0.0036858266813420693,0.008211720674848998
2023-07-18,-0.007514483994707959,-0.002741698794057652,-0.0024479794898494235,0.0018338809115811452,0.0012403784089940607,0.0006638058538529871,0.0014590956742274708,0.00024664658742116076,0.0037534205365822994,0.0034761837649844064,0.010990667759692365
2023-07-19,-0.00647047180983647,0.00036158099139948347,0.0005708094278299526,0.000597584790853989,0.0007156839486489775,-0.000661071625466385,-2.5043304878135742e-05,-0.001536139279803552,0.004563442538871195,0.0018836243223809437,0.008354096132217414
2023-07-20,-0.0018523682266249552,0.0017008428147637258,-0.005865809664658281,0.00027487485120547843,0.0011283993430825628,-3.904953267524754e-05,0.0017459088288617247,0.00047919434629665027,-0.0008540540823844115,0.003282061322132795,0.00513442954875775
2023-07-21,-0.006817687581228188,-0.0016169602998240993,0.0011970476878355421,0.00027738808691720135,0.0030025769974073736,-0.004177071843588398,6.525832451672892e-05,0.0010318707612224137,0.0009346713868475928,0.0061097594081225125,0.0129274469893507
2023-07-24,-0.004407302461971207,-0.007685198888804559,-0.0029011246389630987,0.0008132399763787282,-0.0019230650102911287,0.0004125512822579461,0.004135004289719731,0.0017270226745331365,0.004725543263418473,0.005088098500078538,0.009495400962049745
2023-07-25,0.004612039414151418,0.002658786400613327,0.0011914095164410141,-0.0007922336959801561,-5.5818269853323836e-05,-8.447993713992194e-05,0.0057687326309701055,-0.0053264320181269295,-0.003770491456972026,-0.0042015125841035166,-0.008813551998254935
2023-07-26,-0.003712383315515631,-0.0006965538122804286,0.000842487398279153,0.0004745832196043301,0.0017968157767047326,-0.0010692416835818926,-0.00020191947699016877,-0.0014200921605878845,0.0026120773356006705,0.0014155365758498077,0.005127919891365439
2023-07-27,-0.003385091360039477,-0.004388119557191941,-0.0020613190502511455,0.0002549366341351281,0.001122150932439127,-0.00016157047244880532,0.0030225923067090637,0.002572998500835252,0.0006209235428373854,0.0024680491017922777,0.005853140461831755
2023-07-28,-0.0006972359073199254,0.004183848781897351,-0.0007790441651693856,-0.0007359433083065205,0.0026207114656603796,0.0057770285336593554,-0.0008954353775957653,-0.003989950913166661,-0.0019269192129512138,-0.0035896874704256345,-0.002892451563105709
2023-07-31,0.0025922187022977034,0.0011782985601308104,-0.001097119866212627,0.0010896115237543562,0.005545486195670221,0.00030469043399354394,7.190198577770651e-05,0.00016834844517378382,-0.0062207524480016405,-0.0037227839598914375,-0.0063150026621891404
2023-08-01,0.0017774473498218413,-3.627135133760489e-07,0.0005212289761377879,-0.0021571614361859683,0.0007058205249707897,-0.00022215941221092553,-0.0019837873978263603,-0.0002661180701514713,0.0013679028823655047,0.00026941259630513083,-0.0015080347535167105
2023-08-02,0.0013400492224931982,0.0039587850219399996,-0.0011092744306999908,-0.0003501614889664382,-0.0015993516018312102,-0.0005142226225461474,-0.002079028741360087,-0.002325863522444715,0.0016889565003911761,0.0009281376975542144,-0.0004119115249389838
2023-08-03,0.007082182519167795,0.000851647852516822,-0.00149478722174396,-0.003283211082399614,-0.003451664752878213,0.0015013549894645748,0.0018767555820954455,-0.003595097418105208,0.0025417157269636125,-0.002057025305087333,-0.009139207824255128
2023-08-04,0.005386402514797255,0.006713130575869789,0.002636030522074691,0.0019373584076904544,-0.0005781813612363378,-0.002489504541708027,-0.0027025809495449553,-0.0030202714450699346,-0.0009013723195374967,-0.006996315854172514,-0.012382718368969769
2023-08-07,0.00897914231682341,-0.0028458277021926642,0.0006900589076017613,0.0016440531206960258,0.0006881830324068818,-0.0004235283441179511,-0.0015174459474686533,-0.002123428405025231,-0.004783312418207062,-0.00031636512739886705,-0.009295507444222277
2023-08-08,-0.0073852314387118706,-0.0029578187163369235,0.001621861918738093,-0.0008306047892079193,0.0020498364025869163,-0.00353904427260242,0.0007731786600545245,0.004151542056338279,0.0013765773869434973,0.004784389986247301,0.01216962142495917
2023-08-09,-0.001737335619799232,-0.004281112365720585,0.0008915660866509836,-0.0008612917390317667,0.0006583168310991701,-0.0005927730750964431,0.0033881472336154683,0.0023026055134483967,0.0003428075497458181,-5.89024444117903e-05,0.0016784331753874416
2023-08-10,0.006421640636886448,-0.0025107181714141983,-0.0002829266065464027,-0.001756294737397692,-0.0024805077462752264,0.0015747723906489072,0.0013006006322454683,-0.0027671586601652875,-0.0013055394512978059,0.0018376271611287567,-0.0045840134757576916
2023-08-11,-0.007960152671245203,-0.0013670397632967205,-0.003128698502030072,0.001791333258601637,-0.001040320184546895,0.0010828305169251903,0.001948219963504906,0.0025302920549651565,0.0031382600389147433,0.003026931898545679,0.010987084569790882
2023-08-14,-0.0051098226332699625,-0.0004360675325539962,-0.0004764284392811532,0.00022766842244236005,0.0021805457183791768,-0.0030814114374336722,0.002931572633024427,0.0030779546575692603,0.001517010960331658,-0.000831022349208097,0.004278800284061865
2023-08-15,0.0034656904104787517,-0.0025567607180049146,-0.0069850202171382195,-0.002846928769850669,-0.002265330427388255,0.002305614986485319,-0.0007079241594703429,0.0025669893012880435,0.0011550408596488913,0.00591474103368109,0.0024490506232023386
2023-08-16,-0.004521618065747255,0.0014161824990672465,0.00042965258185915546,-0.0013007569792860094,-0.004625356981149636,-0.0010726011850402334,0.0017946830674287631,0.0008270541169082398,0.0019565827460031743,0.005099860310231119,0.009621478375978373
2023-08-17,0.000533519849682762,-0.0012398898002724933,-0.002401226835419601,-0.00018832784563794114,0.002242486575301581,0.00041885872138613587,-0.00012888906223630604,0.0023829288090759506,-0.0020762932201318536,0.0004652099826794844,-6.830986700327756e-05
2023-08-18,-0.008948811794701361,-0.003054660237451648,0.0006495969257462647,0.0022579762876945965,0.0026508461645610437,0.0008316137474911126,0.005506686924100873,-0.0009972308237625746,-0.002545650802826832,0.0038049268733844704,0.012753738668085832
2023-08-21,-0.007794776367807008,-0.0008057098660999549,-0.0024450715013824877,-0.0013129925031189443,-4.1970516604869566e-05,0.003580303973622325,-0.0004541996201986717,0.004598505948225331,0.00311584066561214,0.0015600697877520943,0.009354846155559102
2023-08-22,0.0038668946392310644,0.004165386932487537,0.0009751174118738333,-0.0037224624551063287,0.002026348249259468,0.0029925833633500445,0.002800945742147948,-0.0034931738977464167,-0.006262501466885034,-0.003349138518612126,-0.00721603315784319
2023-08-23,-0.004664958593102134,-0.0019864580742980304,-0.005287061219834311,-0.0005571996706932921,-0.0024978378429703013,-0.0021797054241965673,-0.00025249650395676114,0.0032888406761104497,0.0046632433165418605,0.009430039227915339,0.014094997821017472
2023-08-24,-0.0010203752961791025,-0.0003524821229113894,0.0023687783869705114,0.0002762644958046142,0.0009713787687454536,-0.0002723976532310221,0.0034536902706654125,-0.0013945782615402574,-0.0019526539363935763,-0.002063588602486668,-0.0010432133063075655
2023-08-25,-0.005720044604480605,0.0011107767392128285,-0.0023927893732782605,-0.0014319555322283993,-8.528447357393184e-05,-0.004583583542079871,0.007265876361801171,0.0010483756968572633,0.0044421535083198445,0.00022791527507986164,0.005947959879560467
2023-08-28,0.003121884669008871,0.0012339535046529322,-0.0013684888172822295,0.0056279551615291004,0.004542039313344962,-0.0015169473210177578,-0.0016045191520744448,-0.0032738306492436425,-0.003911772071384331,-0.0029734599732843267,-0.006095344642293198
2023-08-29,-0.00532275058942999,0.0037837989112615303,-0.0006117097801113312,-0.0026741128006901437,0.0032207243250220894,0.0013946582903326173,0.0023799681216101227,0.003154073803274034,-0.00046223995597502465,-0.004862410325294228,0.00046034026413576193
2023-08-30,0.000731003713039937,-0.004651114744922055,0.00455957207697183,0.0004431444426619027,0.0019332867958280716,-0.0034424176467409535,0.0012362983988693428,0.0015785769019904215,-0.0031016745970040794,0.0007133246593055921,-1.7679053734344927e-05
2023-08-31,-0.0018816611292774728,-0.002741038416290463,-0.0029737319106251494,0.005110794753944203,0.0014763384848738444,0.00212459302765398,-0.0005317257916401951,-0.0013197891504740486,0.0007370875283591587,9.071398272218712e-05,0.0019723751119996597
2023-09-01,-0.006590368529829199,-0.0023782975675902163,-0.00306579447291129,0.0063948050887819245,-0.0009897880795237547,0.0037465605920220736,-0.0009764147412605035,0.0022564172913020902,0.0005952371478730109,0.0010076432711358624,0.007598011800965062
2023-09-04,-0.011074281905724397,0.007902133675532875,0.004550979560380608,0.0039609165078312095,0.0024929872546120366,-0.002790644762598553,-0.0010745469208060699,0.00048618499878054174,-0.0006424052469191032,-0.0038113231610892055,0.007262958744635191
2023-09-05,-0.007624893169315271,0.0016064567288168428,0.0007271719118621604,0.00331259967445851,0.00356404619957245,-0.005144483278684326,0.00029698413613511005,-0.000987391728378139,0.003396275571421656,0.000745139892207031,0.008370033061522302
2023-09-06,-0.000675759048890883,0.002401412855549385,0.0025672353549531872,0.0025964145388371056,0.0013860102281523564,-0.002245762252234863,-3.709009060257236e-05,-0.00172578865920285,-0.0015880131106700483,-0.0027235750609355134,-0.00204781601204463
2023-09-07,-0.0006949206841511558,-0.002680054477179674,0.0012289749231715868,-0.0020174726836014022,-0.0013967336134249387,0.0021271363317111225,-0.0008227741024016685,-0.0016350332698339028,0.0023054322901240993,0.003627988012220049,0.004322908696371205
2023-09-08,-0.004014844385573949,0.004526499672850841,-0.001745725061654971,0.0033769523437652098,0.0026465078492782044,0.002161619936678979,-0.0025287799133528093,-0.0015420803680858753,0.0006786202791719034,-0.003515537954343952,0.0004993064312299967
2023-09-11,-0.006053937341924679,-0.001595563979056215,0.00018888888343697376,0.0029199466226007462,-0.004175235151678419,-0.0006135245841388414,0.0034858831254822586,0.0026140935477310667,0.0014341924003859374,0.001923373072122868,0.007977310414047548
2023-09-12,-0.0030163285288317227,-0.0005692354335352335,0.0010419649213603186,-0.0005923972977247545,-0.0006231905023538768,0.00023997249749530827,0.0025234969211414934,-0.000548829736480721,0.00031422187261525403,0.001268947278782268,0.004285275807613991
2023-09-13,-0.0024381215726783124,-0.003377338311463438,-0.001735768106897714,0.000785420252011371,-0.0009781964297692837,-0.0006773619071474882,-0.0015609044126187184,0.00024685438979530423,0.0055775654996606285,0.004142340915895451,0.0065804624885737635
2023-09-14,-0.0038803384713491217,-0.00048075149015433614,0.0015839830479877364,-0.0008022295504719662,0.0010760477430766034,0.0016190306414348497,-0.0016616601322667686,-0.0016067524418973632,0.002373554664403101,0.0018114966020659593,0.0056918350734150806
2023-09-15,-0.0002855088541564865,-0.005036147395906278,-0.0029185435570268045,-0.0014026366498502707,0.0009888115324938568,0.0010260025357544202,-0.00022628126548151595,0.0030009633777382844,-0.0001070649669238687,0.004960405243358658,0.005245914097515144
2023-09-18,0.0032558606056082347,-0.004674147083022408,0.0007157086376277698,-0.00014609514585250645,0.0024056000435519016,-0.0007420728546714661,-0.001961270711043796,-0.002433886551544799,0.0009703820371001284,0.0025677737051089983,-0.0006880869004992365
2023-09-19,-0.004762527566007475,-0.003601925736663871,-0.000450420138224021,-0.00043618151183905107,0.0007746056572678205,-0.00042862567916422917,-0.0012132231920697497,0.0029942870305088177,0.0044447086462340414,0.002679302489957696,0.007441830055965172
2023-09-20,-0.0024807453020043806,-0.0006010747388817902,0.0019025240395551051,-0.003419719231112319,0.0010725882814275182,0.00020760238746319877,-0.0013400828717071087,0.0008606003710855653,0.0024772266505007326,0.0013252324614227012,0.003805977763427082
2023-09-21,-0.0005976843191379643,0.0004978384995280821,-0.002182409047587291,0.0023476106599454993,0.0010587980947563184,-0.00020761476998660915,-3.054811456136954e-05,-8.884683868017518e-05,-0.00031044778310333683,-0.0004866963811731272,0.00011098793796483715
2023-09-22,0.01067170325222605,0.0037554788287930733,-0.0022807630053989798,0.0025272937427479004,-0.002731625420714685,-0.0013299445659321445,-0.0013582451187002346,-0.0029373033453224976,-0.0038616626809629645,-0.002454931686735345,-0.013126634938961395
2023-09-25,-0.007930567424313948,-0.0012043418794817318,0.0013187574353402591,0.001977059223412043,-0.0013977987621761178,-0.002079977574790639,-0.0002679572347379248,0.0005353987240671841,0.005310381953094631,0.003813748829336135,0.011744316253650083
2023-09-26,0.005581482953198266,0.0022268196646182833,-0.0036512390814171253,0.0009092154917648389,-0.0008949468629705333,-0.000808838612270283,-0.0015361315975535514,-0.00022321230614123137,-0.002242591643083673,0.0006232652216096256,-0.0049582177315886395
2023-09-27,0.00011608259599834192,-0.0028357427032183412,-0.001445782741081315,-0.0003259166687409388,0.0018037775863272345,0.0009575277919975846,-0.0011650010621212636,0.0013815687530630196,0.00032976774242998393,0.0011837187053457077,0.0010676361093473656
2023-09-28,0.002743500762811922,0.0023681043814110033,0.00043885623770984893,-0.0014417816302153613,-0.00028482588369859113,0.00024218058783158488,-0.0003190442821354362,-0.0026812366103283695,0.0018680943941074895,-0.0029338479574940843,-0.005677348720306006
2023-10-09,-0.0043520613327281445,0.0006911971524244456,-0.001736801589418641,0.0037307902766492993,0.0030020738931773048,0.001115694986894512,-0.0017817696168020303,-0.0018820405678654768,-0.00017276677927975073,0.001407997476686365,0.00576005880941451
2023-10-10,0.0023337459110794145,0.003298491961160693,0.0028313772469281085,-5.4273449297360466e-06,0.003261216463148622,0.0008695800670506283,-0.0017442194029004226,-0.006934124427400542,-0.0007941153627224963,-0.003151518046370878,-0.005485263957450292
2023-10-11,0.002769506675294179,-0.0031795484700538243,0.002612002875011605,0.0012048690737037045,0.00017726833201090917,-0.004608943545377449,0.0007907912927703889,0.0022624715934728623,1.7632494511500986e-05,-0.0020061371140143993,-0.004775643789308578
2023-10-12,0.001334825775085586,0.0012207249502322493,0.00241435568213237,-0.004522329419265597,0.0018633929519394571,0.004091397590028932,0.0013675574249649956,-0.0022608366173550755,-0.00047216573723966654,-0.005003218904348929,-0.006338044679434515
2023-10-13,-0.004640509733119374,-0.002872363624631339,-0.0007365687980107402,-0.0021620285650038387,0.0018252859359716889,0.0015153106838835097,-0.0015723387175334092,0.003713569551264736,0.0035500613415031983,0.0013048945800248218,0.005945404313144196
2023-10-16,-0.0027883079618594517,-0.004842184444459783,-0.002801855388845309,-0.0004035930924238293,0.000279405057441883,0.003978733065133221,-0.0009284882838248665,-0.0004862096610080619,0.0008368293677914934,0.007155671342054699,0.009943979303914151
2023-10-17,0.002794018180646263,-0.003083968005414108,0.0017732053103532946,0.00012501202518678167,-4.676378100652216e-05,-0.004923789020154858,0.0005284206442148754,0.00028843289204795436,0.002152082194564482,0.0004064182129498554,-0.002387599967696407
2023-10-18,0.003689478951537338,-0.0034812660932347786,0.0007004420323091464,0.003874777065029056,-0.0010075476508157144,-0.0034054916683590643,-0.00022257286724912916,-0.0008762649841750927,0.0003550233146943872,0.00037342190026384576,-0.0033160570512734923
2023-10-19,0.007213266115709157,0.00025663892540568015,0.0005784532617890911,-0.0030314880156258523,-0.0021263982282051204,-0.00036679208426816396,0.0012910329811408085,-0.0009767780382497178,5.598332686639816e-06,-0.00285883558759706,-0.010072101703306217
2023-10-20,0.003318034813635051,-0.0014314094808507208,0.004215389263843552,-0.00024778785102438027,0.0009053271148132078,-0.002675581714800348,-0.005407880882358283,0.00023342091648286272,-0.00019814579363512528,0.0011755202392264973,-0.0021425145744085536
2023-10-23,-0.00639398544155497,-0.0007826859794275425,-0.0032505036271056925,-0.00056739405995193,-0.005223150092470222,0.005621598139597606,0.0009695428511917987,0.0005409896195670312,0.004641059440131103,0.004452572125847335,0.010846557567402305
2023-10-24,0.007292405808848465,0.004926555044584429,0.002450956725506202,0.003930935645721043,6.687063485043786e-05,2.406665565774424e-05,-0.007082695161897059,-0.0074104473817117105,-0.004108307991911438,-0.00015337516997154582,-0.00744578097882001
2023-10-25,-0.008226290416751578,-0.0021792682610119484,0.004560260267952802,-0.0010794568581515775,0.007766814582708834,0.0001970997622099133,-1.0337247007337238e-05,-0.002237932286144632,0.004763675601490205,-0.003550623150050527,0.0046756672667010515
2023-10-26,-0.006094000476239292,-0.002454589507348144,0.003699167700028159,-0.0009643586832582931,0.0009074233620987877,0.00028493675157367624,-0.0003265133813133191,0.002431873561653066,0.002589281210214046,6.41666404118705e-05,0.006158167116651163
2023-10-27,-0.008513012862131282,-0.00840346997354664,-0.004319675846904856,0.0018397555260456413,0.003189737754325637,0.00017484081064230122,0.00023505648679386355,0.007891267646386407,0.0018709269452762615,0.0061095021653151445,0.014622515027446426
2023-10-30,0.008863152865502204,-0.0005509894184384657,0.0025848044203220723,-0.006335448134395056,-0.002000208627015983,0.0011719851587013016,-0.0027743565619333626,0.0027326334524328524,0.005926867222066633,-0.0096184403772421,-0.0184815932427443
2023-10-31,-0.0029561343252406808,-0.0006081042534415315,0.0011864625313045074,0.0016780704033167925,0.0030991166036735767,-0.0001152133834491679,-0.0009459346336213189,-0.001369498546677808,-0.0005232734096641016,0.0005442199082625453,0.003500354233503226
2023-11-01,-0.0030925130613551166,-0.0015898292735623566,-0.0017944314601463294,0.00038324771878990886,0.0010180500708379403,-0.0030883809023779466,0.0003390715693617454,0.0027391139636732172,0.0002992746969081617,0.00472462905982321,0.007817142121178327
2023-11-02,-0.0049165429673687176,0.0010255587789180444,-0.0028175486585032966,-0.0010670999976553845,0.003829452575985511,-0.00239770395691736,3.0271369508501605e-05,0.0005754943887055295,0.002738370470053125,0.0029997479972740508,0.007916290964642768
2023-11-03,0.005627119919302504,-0.000520222439593643,0.0035104780688649502,0.0004348106051722757,0.001120876796148669,0.003503153818360163,-0.0011986138627026134,-0.0023484897444902854,-0.0040316413589132315,-0.006027408725781674,-0.011654528645084178
2023-11-06,0.012759944628765861,0.005378470823614161,0.004258175267389434,0.001676846527752802,0.00035429632215055323,0.002350194325893185,-0.009090514609312473,-0.002275075013455415,-0.005221912534731001,-0.010143421851549124,-0.022903366480314984
2023-11-07,0.0029639090710928085,0.0033807672945957916,0.001969252437166752,0.0022569762746070844,-0.0009436046452792998,0.0009365334775513284,-0.0030762695368050288,0.0004143217205718583,-0.0038560673784101586,-0.003979416562385339,-0.006943325633478148
2023-11-08,0.003428043971656311,-0.0009564674051332396,0.0020533767272209935,-0.0028971132971223963,-0.0017009237248931496,-0.0037536747481590285,0.0033401347968224646,0.002487923460491321,-0.000362879133136356,-0.0017134941427101019,-0.005141538114366413
2023-11-09,-0.0025532748781916586,-0.0011084617429137163,-4.998993671272525e-05,9.755425491437923e-05,0.002227566872807384,-0.0011959185798989433,0.0013514617575625637,0.0006214073229340446,-0.0011015109403917315,0.0016986758460168297,0.004251950724208488
2023-11-10,0.00246651463021478,-0.0004719519137124056,-0.002542794208273884,0.0009016207206065842,-0.002099751619674475,-0.0017286471988983095,0.0021247480254024233,0.0011886642267479176,0.0006957797624536809,-0.000568755368844271,-0.003035269999059051
2023-11-13,0.003688739674980315,-0.0013880297847359974,0.003983294348004521,-0.00254287903855797,0.0019387552683806306,0.0015287754149408688,-2.331354190890204e-05,-0.0016423410971577305,-0.0005118206519802652,-0.005031180591965489,-0.008719920266945805
2023-11-14,0.0029508173458190627,-0.0010028282307376572,0.0013619981709418125,-0.0026493087553935884,0.0021738658687667145,0.00033237496342019884,-0.0008241978643245975,-0.00020324630473563722,-0.0014436496090166275,-0.0006891780854712836,-0.0036399954312903464
2023-11-15,-0.004428196092668239,-0.0023216815903026066,0.0021775567659706526,0.002559685553206581,0.003680544948286229,-0.0006416904521115143,0.0009064647194436522,-0.0020872333183493633,0.0008541884015492679,-0.0007124727440669001,0.003715723348601339
2023-11-16,-0.0035438120537222137,-0.004843518191912774,-0.0010466890002821952,0.0016526241466231295,0.0019293428454877114,-0.0009405098013638939,0.002884036345914111,-0.000915021810487107,0.0017305667252167957,0.0031837140043771296,0.006727526058099343
2023-11-17,0.002267161085804845,-0.0001898506943158627,-0.001812327008797538,-0.001091803986112343,-0.0010022098777651878,0.0030001007944445114,-0.0005442977888844046,-0.00031307109156488024,3.682347937169713e-05,-0.00035052491218083657,-0.0026176859979856817
2023-11-20,-0.004754836324352381,0.004079370093949313,-0.00301460853445416,-0.00010232294382311408,-0.0010270237693632929,0.00480302171639965,-0.0007502786122456538,-0.00085497562794566,0.0019831141081884463,-0.00026539967202517676,0.004489436652327204
2023-11-21,-0.003902926219603943,-0.008683670878442538,0.0028929486639020976,0.0026589314373602273,-0.0002925770358588938,-0.0007541460815210736,0.00016698587268424586,0.001979406199666958,0.0025395973184049498,0.0034519690696088743,0.007354895289212817
2023-11-22,-0.0039714559139376856,-0.0030091663897609364,-0.000801376077572712,0.0017732558139653414,-0.0014108933729205548,-0.0002077376294060307,0.0010289468351554042,0.003269687798494488,0.0007435121495647638,0.002581072033829671,0.006552527947767357
2023-11-23,-0.004530458915854204,-0.0034882605154321145,-0.00031721626311687805,0.0017329177585457623,0.0017764367501729033,-0.002027919279834739,0.002476776256816207,0.0009885837969784517,0.0012278307173990955,0.0022455035746327583,0.006775962490486963
2023-11-24,-0.0034170766638892836,-0.0028678777562764057,0.0005265121401453974,-0.002107873507335482,0.0002736874974481262,0.003195971961443024,-0.0010538038529924693,0.0002947116566594017,0.004677585378923966,0.00047816314587382743,0.003895239809763111
2023-11-27,0.00035626282749903174,0.00336235546875701,-0.004764439845714419,0.00014841855602945494,-0.0011078279000465846,-0.002005899958405797,-0.0013650302878185651,0.003363062854108774,-0.00025039350046386524,0.00226349178605495,0.0019072289585559184
2023-11-28,-0.0027107561434419145,-0.0012452215820402857,-0.0019792612270837415,-0.0003193824541892676,0.00033419206515124245,-7.019570249449996e-05,0.0031529939615862128,0.002852895326002199,0.0005134198843922922,-0.0005286841278822152,0.0021820720155596995
2023-11-29,-0.005912083445526203,-0.0008427853885473414,0.003051473552191611,0.0004319517425648739,-0.003180256868707032,0.0016815564538875012,0.0030858872433915815,0.0011958621680725483,0.0003118736409602682,0.00017652090171220544,0.006088604347238408
2023-11-30,0.004727641284925932,-0.0038827650431456397,0.0007496920803040923,-0.0023897463613223174,0.0022184746064560362,-2.5403430576464254e-05,0.0028731618533641323,-0.0009293891187158792,-0.0034849701954258573,0.00014330432413596505,-0.004584336960789967
2023-12-01,0.0011660089292643613,0.01170847207022675,0.0021974897031540514,-0.0023177972637656074,0.0011659100105625468,-0.002606115922389361,-0.004148259975966043,-0.0006186442920714096,-0.0014916349570919286,-0.005107550620371176,-0.006273559549635537
2023-12-04,0.0037585411720161355,0.0005771427472138229,-0.0012647547720413838,0.0018051172282483065,0.002070798765665337,0.0022641152671455827,-0.0024025599461779583,-0.004768856161239595,-0.0025662110218719033,0.0005147178666830583,-0.0032438233053330772
2023-12-05,-0.0015657082018094748,-0.0009991422591363076,-0.0019173139074556622,-0.0028246509010263644,-0.0005830678188135335,-0.002060288330227966,0.0005238056804687721,0.000847672363523353,0.003633729710821547,0.0049449636636554415,0.006510671865464916
2023-12-06,0.0015674810721922896,9.438867582779883e-05,0.0010281344105696213,-0.00042357883297202727,0.0022525891825493412,-0.0007830913838770196,0.0011912314507856589,-0.003624792478407115,-0.00035039569900015,-0.0009676282253459445,-0.0025351092975382343
2023-12-07,0.0015865580174399202,-0.0005875819137752378,-0.0036312703305763847,0.0004645328117281657,0.0009249223458046654,-0.0006826026674729505,0.003013614532296806,0.0002737735994729341,-0.0003014123688248145,-0.001074186079442561,-0.0026607440968824812
2023-12-08,0.007164791554509026,0.0006176267197359267,0.00016579863287565768,-0.0016673196789440694,-0.001203224195115868,-0.003946501564160268,3.709146836266717e-05,2.261360264739715e-05,-0.0006840754470855859,-0.0005857311241080883,-0.007750522678617114
2023-12-11,-0.004320479135773732,0.005373437456151747,-0.00020932186117043092,-0.0018731766222837374,0.006422742128750806,-0.0050802214303448945,5.73884952677706e-05,-0.0006806798512354528,0.0038340535133105555,-0.0034775130644305982,0.0008429660713431338
2023-12-12,-0.004992048785590516,-0.0030592140257418824,0.0014096046959952793,-0.002051807611154687,0.00029916935433267416,0.0015536636123005387,5.0936690445438576e-05,0.0024489877114485196,0.002852819182773033,0.0015961342955864873,0.0065881830811770035
2023-12-13,-0.0017247724857121201,-0.0018935628902825162,-3.9828330487911017e-05,0.002189151519105115,0.002736795180896315,-0.0011572821613376133,-0.002219467499699,-1.3288379883066598e-05,0.0017258487226097757,0.0003958000051791679,0.002120572490891288
2023-12-14,-0.0021839657128181135,-0.002626060598742267,-0.0014867143541374586,-0.0005680518509021185,-0.00017001676412647427,0.0012239127341182828,0.0014440997710643603,-4.600810764295374e-05,0.0025946454273582673,0.0018356804142317404,0.004019646127049854
2023-12-15,0.0052043656547773745,0.0030165729317648327,-0.002620212959140181,-0.0006181066150718149,-0.0007971323972478558,-0.002488702475938134,0.0025585957113978767,0.00045587265545683157,-0.0032142734862888687,-0.0015467530692287775,-0.006751118724006152
2023-12-18,-0.0011405038911130763,-0.002101210478325278,-0.0010682854989474372,0.0010834341182019598,-0.0014543825028864384,-0.0006661937938106691,0.0014566767745352257,0.00015814430544336378,0.0007699374406927981,0.002949059650333422,0.004089563541446498
2023-12-19,0.004497939892773558,-0.000493394584297454,-0.0021410333843834882,0.003836974678680766,0.0013033345439107842,-0.0012431292602063078,-0.004773542406329464,-0.0004018171543239933,-3.368285091380702e-05,-0.0005703808294635637,-0.005068320722237121
2023-12-20,-0.007989868864413332,-0.0018997759514227102,0.001856612975696282,0.004120907109028141,-0.002733109439093776,0.0013385354815760935,0.0012076772518681157,0.0010890506728838405,0.0003783798821649527,0.0027381625689304077,0.010728031433343738
2023-12-21,0.008291419212822051,0.002860275821348959,-0.0016318592941140786,0.00037198012695768715,-0.001607286215776891,-0.00017586407156685072,-0.002874324558937247,-0.004601858238762411,-0.0016212206052092218,0.0008605461911491478,-0.007430873021672903
2023-12-22,0.0033805116862995746,-0.002938345840521455,-0.005179268092530336,0.000987325095628044,-0.0003172227584315437,0.002128138951806569,-0.003283735285789932,0.004274793624034414,-0.00029870647755120055,0.0012709823867220707,-0.002109529299577504
2023-12-25,-0.004059276720072209,-0.0008279632226483342,-0.0015524250012077198,0.005199937053637975,-0.0015614894359989512,0.0019496000187747384,0.0002538982679979036,-0.00032212132547765554,-0.0002430135376313639,0.0012520121476945292,0.005311288867766738
2023-12-26,0.0010355721543099843,-0.0040768237308998895,-0.004293783865618089,5.98594337740746e-05,0.0006652292116774667,-0.0005054682238409215,0.0018684636315475078,0.0025479355170151333,-0.000630449395946218,0.0032816544596141776,0.0022460823053041933
2023-12-27,-0.0033373325178198783,-0.0005660476824006046,0.0017492973493184497,-0.00012847967475014484,0.00034766437192630065,0.0006241931856910108,-0.0005841538994557541,0.0025144993177266873,0.0028175665891045777,-0.0034247231756268414,-8.73906578069631e-05
2023-12-28,0.006739621206533026,0.0036564388192418212,0.007773817900622573,-0.001084902203563636,0.001942541704553935,-0.0013117776120234422,-0.0034700077592819366,-0.006785824226565432,0.0008692016137199971,-0.008355344995477533,-0.015094966202010559
2023-12-29,-0.004096014827256935,-0.001480230492444209,-0.0022528847365735566,-0.0016104235743812979,0.00364225230434629,0.002424193473398494,0.0001488583519192976,0.0018144614574581773,0.001444151715011467,5.351732407886845e-06,0.004101366559664822
2024-01-02,-0.006951706889766447,-0.003950835375374024,-0.0015565406164520792,-0.0010958832530832863,0.0031938275773424397,0.003735983631190886,0.000892213525325831,0.0023239860644512235,0.0024655818533158135,0.000939300088494484,0.007891006978260931
2024-01-03,-0.001545461324640917,0.002741774302852167,0.00209182695399929,-0.00042871295750043456,-0.0023398047362656223,0.001641842051658118,-0.0015005950281737409,0.0001683284361139357,-0.0011664657343488027,0.0003701048773391741,0.0019155662019800911
2024-01-04,-0.00024061033557345112,-0.00029533649079358177,-0.0022843479419349735,0.0016166840088889768,-0.0025749784946125552,-0.00023127434279134518,0.00038393584205849017,-0.0007622906058911596,0.0001731941566685426,0.004210398717125331,0.0044510090526987825
2024-01-05,-0.004506370997458766,0.004648467200123689,0.0016680397244642027,-0.003552751298116167,-0.00446032944183003,0.00024814062490360075,-5.503931067714395e-05,-0.001159401934265487,0.002529422016969718,0.004567667603710588,0.009074038601169353
2024-01-08,0.004075088880319747,0.0028308344161387983,-0.0037249302812524133,4.932745850804365e-05,-0.00031562073998829695,0.00031012062744618625,0.0010022624776442278,-0.0008076231023890039,-0.0019200816650663806,-0.0014931756588117168,-0.005568264539131463
2024-01-09,-0.002069293191289007,0.0006726561449895176,0.0017455976275586116,-0.002437812459944344,0.0022445502902786476,-0.0030581042804492843,0.0032599844154628417,-0.0005173028673041001,-0.0007118835067190562,0.0008880512665265365,0.0029573444578155435
2024-01-10,-0.001763181607236089,-0.0014226089640728581,-0.001332462224820299,-0.0009054942667153461,0.0024644479697891438,-0.0007770220737153394,-0.0012699817406194084,0.0013003795677727088,-0.00017215013896923438,0.0038625330371124273,0.005625714644348516
2024-01-11,0.017622934434717026,0.00169292109752921,0.003343242602606328,-0.002992619561509667,-0.004636101705684067,-0.0016192304127136492,-0.0018695305665437211,-0.002755633477589262,-0.0034713481556472373,-0.00533526668091883,-0.022958201115635856
2024-01-12,-0.004279732407919336,-0.0029083710245250754,0.0027386090400454716,-0.0006096769093589888,-0.0019709716900568326,0.0011886392423885298,-0.0004910054149161697,0.0032940908707565493,0.0006854867934379661,0.0024973582832116883,0.006777090691131024
2024-01-15,-0.001009150550947158,-0.0010612761245663593,-0.00285536358331488,-0.0014438172449400067,-0.0019204999250219082,0.001310858475770648,0.0015400926341727025,-0.0001429889441454861,0.003268966961943511,0.0022794284200151303,0.0032885789709622883
2024-01-16,0.004776997136312392,0.0009054143650376462,-0.000989348855247257,-0.0002899043356619662,-0.002425629444869544,0.001821679983739967,0.0010251171235813577,-0.0008168295356752591,-5.746919599263259e-05,-0.003913593641549907,-0.008690590777862299
2024-01-17,-0.0020805696849808936,-0.0015315906145842426,0.0002236274570455931,-0.002782239254344889,-0.0010556530867577452,0.0028840337439265764,9.245035023794509e-05,0.004245999886592688,0.00021513695418788593,-0.00026499152940509936,0.0018155781555757942
2024-01-18,0.013048590529288499,0.0029881174017749278,0.0033197907448536406,0.0008590708771323966,0.0028934898873415665,-0.007066462894141126,-0.0036760118321259054,-0.001973422218658212,-0.0032081441915133143,-0.007326347561835296,-0.020374938091123795
2024-01-19,-0.009844362772544057,-0.0017274517951081196,0.0028738531712573703,-0.0002828639669403214,-0.0005207879873712765,-0.00011277378605628358,-0.00021504799487825693,0.0040064541261298735,0.0028619529290545274,0.002958772600735503,0.01280313537327956
2024-01-22,0.0036745312782887948,0.0005820220126249119,0.0027978847063326604,-0.0012285181147883469,0.0019339765389693416,-0.002426078944973065,0.0002004149048090093,-0.002609074107523522,-0.0010300523789805842,-0.0019436274736588468,-0.005618158751947641
2024-01-23,0.004258412320150815,0.0021080561700702093,0.0026381952758637254,-0.0015271654655032198,-0.0019334043092395993,0.0009334911262267539,-0.003021702567163731,-0.0002469793973072764,-0.000640215444631231,-0.002550017885941903,-0.006808430206092718
2024-01-24,-0.009258926571783989,0.0036881489419338925,0.0009849405609776913,0.004416212130637254,-0.0020623214005002057,-0.0001146420808319146,-0.00042157630397691775,0.002162751049863296,0.0001093602448558272,0.0005759461453581872,0.009834872717142177
2024-01-25,-0.010101827191844381,-0.002588500028778397,0.002694799998189134,-0.002242977354072512,0.004140339227457693,0.0007719507691317151,0.0037138097451144035,-0.0016474829953486761,5.398393371012708e-05,0.005200069237743171,0.015301896429587552
2024-01-26,-0.0031815229107637275,-0.0010188175777580718,0.0008527838450911368,0.00014207463775526685,-0.006958991259660024,0.00440260778295849,0.0034604781955755864,-0.008653008182454142,0.005898085893327651,0.0051579936678177825,0.00833951657858151
2024-01-29,-0.02410380814457839,0.006776024586103271,-0.004560739605025449,0.00033436818488796695,-0.0006370981988607746,0.0029766091354584663,0.001168709672952606,0.00980568736863103,0.0038331768151952535,0.004571501323217195,0.028675309467795583
2024-01-30,0.005036127591730376,0.0019282870054536366,0.002476971313292528,-0.000947114112323882,-0.0013259042633242193,-0.0013958184637044453,0.0019882041281478447,-0.0030075221041370196,-0.00013891481665645597,-0.004652843663569198,-0.009688971255299574
2024-01-31,0.003920318582538213,-0.008594971872526324,0.005113149198867275,0.005967448488666344,-0.002238464878360104,-0.0016743420859490433,-0.0018010687722155175,-0.0038843909970926026,0.0012389467124039244,0.0019444639459843993,-0.0019758546365538135
2024-02-01,0.006207280309100592,-6.330001034193138e-05,0.0034225116894756272,0.00016589127229594137,-0.0021885124021169176,-0.0003188257132170991,-0.005081107085827071,0.0013054146240727262,0.001563815480923048,-0.00503705040725966,-0.011244330716360253
2024-02-02,0.0024321445293778044,0.0023148320080958033,-0.0002573621126711081,-0.00446920120292653,-0.0006391133582532708,0.0016715433830496555,9.569675755952307e-05,0.0005095125072615554,0.001594946070152519,-0.0032371152345101583,-0.005669259763887963
2024-02-05,-0.004299897321755244,-0.01131898506476367,-0.004042916653032372,0.0010659355675224965,-0.0038262413139458,0.003989207295328044,0.012676704388378986,0.005039534500292139,0.001556145886044546,-0.0007597031381626745,0.00354019418359257
2024-02-06,0.005329637905523751,-0.0030709460156215698,-0.006899985956008742,0.005866476877254574,-0.0005300665129154038,-0.001380947856370436,-0.0027588490443126064,-0.004390799571938775,0.004950186156854615,0.002626687213773109,-0.0027029506917506424
2024-02-07,-0.01937826838747091,-0.015429556771538684,-0.004871785653602677,-0.0005043207136803589,0.0001728423687284526,-0.0010954425983926899,0.0015780509922235324,0.008311216042848159,0.018974242884731707,0.012383987330868896,0.03176225571833981
2024-02-08,-0.0021754538930838004,-0.0015686364638777353,0.002865489442263555,-0.00011661272107830415,0.0019317943705733196,-0.0015041672048193373,-0.003367847694836895,-0.0038993667466436866,-0.003401217804394039,0.010997054385605878,0.013172508278689678
2024-02-19,0.021812208104264003,0.011712018832081708,0.001030960306910201,0.0008265992584714737,-0.0024138699674397944,-0.0025741053280068276,-0.0028354477408705425,-0.008111584582303873,-0.00797607621511044,-0.01167753277672127,-0.033489740880985275
2024-02-20,0.005624233328016846,0.0015829174197372732,0.0027133915375607658,-2.3410593628361712e-05,-0.0005409301146110032,-0.0020347041395803664,-0.0037652097915948785,-0.0006503022717527102,0.00017334931767877765,-0.0031194140622579315,-0.008743647390274778
2024-02-21,-0.0060539640725750295,0.001668714176153387,-0.000829742023279261,-0.0014906360345040665,0.002513707530252216,0.0015416403058014553,-0.001346655948669468,-0.0007736427050075288,-0.0009802516873118573,0.005694084619476684,0.011748048692051713
2024-02-22,0.004766459108024122,0.005261035745022779,7.474643090503268e-05,0.002910653619185057,0.0005968911929610817,-0.005381935396300481,-0.0010082042275225645,-0.001236466871892983,-0.0029860133813292868,-0.0031048049269787126,-0.007871264035002835
2024-02-23,0.004081620568632243,0.004145052703063871,0.002361849657292151,0.001628133989148032,-0.0009782386113989707,0.00040606158453811815,-0.000415539639681686,-0.0013712301450768533,-0.004131519013125452,-0.005701939206402135,-0.009783559775034378
2024-02-26,-0.004154316175059609,0.0029894159643250053,0.0010788187058303044,0.00018311128771525322,0.004612458911634059,-0.00024336954235690267,-0.0007110844806618859,-0.001543856214790649,-0.0020934313593793143,-0.0001283065611151924,0.004026009613944417
2024-02-27,0.007660559832075427,0.014374066982231605,-0.0025182035699662917,0.00010638668339948564,-0.0002979518498045081,-0.0006747549290153851,-0.0036577289933424125,-0.004500335380277553,-0.005012150296587667,-0.005493383577293084,-0.01315394340936851
2024-02-28,-0.009723078510636442,-0.008620318838584374,-0.0025805564436660023,-0.007306659037622933,-0.002223029709839504,0.0036116916128106874,0.004871272527235146,0.005062898300252481,0.005559287444450401,0.011470373324988278,0.02119345183562472
2024-02-29,0.0019175789795240544,0.008938896327035595,0.005505176834654303,-0.00281238036487173,-0.004042806973999963,0.00023317647880590658,-0.0029950808476902945,0.00043944584748248795,-0.0028308417949285923,-0.004469313710262992,-0.006386892689787046
2024-03-01,0.0051058698034957516,0.006377803024049486,-0.0013750666640939201,-0.0012104025000046496,0.0013991842972693302,0.0024413702600509105,-0.0016368258006808417,-1.3148363216487476e-05,-0.003324149248669933,-0.00773944319405096,-0.012845312997546711
2024-03-04,0.0024504281818733247,0.0040346687916271206,-0.00394055783135471,0.00103593815309002,-0.0023298972265600676,0.00036308600884878573,0.002308822882545366,-0.0005209738277477988,-0.0012992089767529355,-0.002176163816807894,-0.004626591998681219
2024-03-05,-0.006261807731712423,-0.004635604575769682,-0.00179405866040086,-0.0012425669681027933,-0.00045094280967719375,0.0038892402769037495,0.0017039043621045482,0.002963099123538357,0.001974346300446289,0.003883055666519479,0.010144863398231903
2024-03-06,0.006916325952352181,0.002198356698344457,0.0012067232787931694,0.00026489640348859055,0.003329388451922266,-0.0031386443761034083,-0.000963556968992658,-0.0028923374747184113,-0.00450962080947394,-0.0024743040431343126,-0.009390629995486493
2024-03-07,-0.004178727271665277,-0.002617777541266373,0.0011632317748975019,0.000840964950729061,0.002495972891017014,0.0009621076744656398,-0.001877183683663833,-5.2440673478129553e-05,0.0035330747937187138,-0.0002899472894130487,0.0038887799822522285
2024-03-08,0.004149955319822151,0.0005140880488921527,0.005147866627567417,0.0009970007981452255,-0.002248395607277213,-3.5103177067159416e-08,-0.0005421608924279552,-0.004654817539623365,-3.3897648365558255e-05,-0.0033296047056194057,-0.0074795600254415565
2024-03-11,0.0020855291077380303,0.0027438651926269056,-0.007785552084007908,0.0022556507906778965,0.003828335872430861,0.005090808219953601,-0.009490888200236833,0.005150937859587076,-0.002825224712682215,-0.0010979778202805188,-0.003183506928018549
2024-03-12,-0.004123237397261422,-0.00573793561965565,-0.0015789638230082484,-0.0012735073050106106,-0.0038236434402968023,0.0009527840545311701,0.002031144681743112,0.00551351813597255,0.0005860919615402194,0.007463611393167922,0.011586848790429344
2024-03-13,-0.0012368539712861461,0.0062826807990879864,0.00040164968542029367,0.00011591360332592962,-0.001752552193292491,-0.0015677350500539772,-0.00032713320673420523,0.000663052566845684,-0.00044933484053103856,-0.0021339117848502035,-0.0008970578135640574
2024-03-14,-0.004094163663199851,-0.002850120031034754,-0.0023573748415024426,-0.004618580449247078,0.0029400226223181064,0.0028776634430431715,-0.002566615082466906,0.001171372188829651,0.004721373346634498,0.004632718555991335,0.008726882219191186
2024-03-15,0.001360872544680616,0.0027194675635756264,0.003610863263848396,0.005671131936052058,-0.0028237864505507426,4.0178523687002705e-05,-0.004294110287830934,-0.0022969109877384476,-0.001603525104134466,-0.0023566405686247724,-0.0037175131133053885
2024-03-18,0.006058190197780158,0.0041470219220879345,0.0003109694090366575,0.0025286816663018597,-0.0021459277952426514,0.0025576310575948684,0.0006811933643162684,-0.000964881459337874,-0.00702026083974697,-0.006316098040023036,-0.012374288237803194
2024-03-19,-0.0007020434579149624,-0.004437246379899406,-0.0015382947610995579,0.009880858353744044,-0.0015589598045628315,0.0020993983737677985,-0.0023814347031223208,-0.0012410192143053518,-0.0004462261325994663,0.00018252076761805092,0.0008845642255330133
2024-03-20,0.0019306148333800386,0.0036097138798753675,0.00035871807460613166,0.0009414056801211514,0.0008980073954949163,-0.0002463700728913838,-0.002872015837712233,-0.0013747723095462075,-2.028459278919574e-05,-0.0032636292536904086,-0.005194244087070447
2024-03-21,-0.003833887618122947,0.0026508660313685475,0.004383535122498452,0.0013914501978879057,0.0009753409766198991,-0.0035692352790026682,0.002353026200982434,-0.0005514803556679604,-0.00021271637304701505,-0.003436915184975536,0.00039697243314741094
2024-03-22,0.001915370088866935,-0.0003941202167235501,0.00021563713310374176,0.000299506211349094,-0.0006903243643102972,-0.0019862219616583214,-0.0035482999274545944,0.0019255468941885069,-0.0012852864240539684,0.0035512918080052814,0.0016359217191383463
2024-03-25,-0.011129535527791348,-0.013994124005620376,-0.0037814787749029253,7.272036251583313e-05,0.0031319910515550803,0.0034391830424797733,0.0036490077665483,0.0027565321630046917,0.004762600862649619,0.011167537622142761,0.022297073149934107
2024-03-26,-0.00504624700828738,-0.005872428470134158,-0.005675889723530613,0.00489058483874069,0.006288751476591666,6.139971609222833e-05,0.0037317164284433766,0.00031516404158033525,-0.0006701063190133178,0.002149501044860848,0.007195748053148227
2024-03-27,-0.01246846484177317,-0.013032283256976768,-0.0018632832973097028,-0.0008509743396836042,0.004616761307856362,-0.001160067517269821,0.0023396015964712025,0.005434770934826229,0.009395313474395924,0.007618398484599171,0.020086863326372342
2024-03-28,0.009619595467261249,0.004657619808895932,0.005637014772335582,0.00146374299720256,0.001135859000955595,-0.0012615150791894032,-0.0023442058940892165,-0.00665817446787958,-0.007112651765087159,-0.005154894098343285,-0.014774489565604534
2024-03-29,-0.001287023165927988,0.000986192872764106,0.002579109051293115,-0.003394366339478221,-0.0021949087894219156,0.0017380260369160953,-0.0022340323200899332,-0.001674823825128647,0.004373186832220496,0.000996071673661537,0.002283094839589525
2024-04-01,0.001660276539278334,-0.005130370522745084,0.0028106491621402263,-0.002413484786631228,0.003468291768812088,0.0009442989489379786,-0.002080352505942569,-0.0005122681877625164,0.0013602476498729406,-4.243446749387309e-05,-0.0017027110067722071
2024-04-02,-0.0038625576814337683,-0.0060715730971559025,0.0010906372400723572,0.0013170767275555975,0.00031646252590065456,0.001621514081355091,-0.00023711705959997774,-0.001182891888562917,0.0024588045844968066,0.004531418672105087,0.008393976353538855
2024-04-03,-0.0034992175919868382,0.0005144882934419474,-0.0020426698324730757,-0.0024434410228045267,0.0006385821214092485,-0.0016896598033865075,0.0045021293705702885,-0.00021287604095491857,0.005681339796431347,-0.0014075015232916516,0.0020917160686951867
2024-04-08,0.006588129331723914,-0.0039683649737082966,0.0008396546842684115,-0.0007425360396264308,-0.0046737749597427726,-0.006823938694836239,0.002434090071144222,-0.003753986869877799,0.00499679191536553,0.004909170117680618,-0.001678959214043296
2024-04-09,0.0018234645832948216,0.0028054695291240732,-5.345687751890358e-05,0.004236579471322961,-0.0014655707619627522,0.000746898470052094,-0.0009960844792471053,-0.0033921764339604732,-0.003215047851292209,-0.0004252657499709077,-0.0022487303332657292
2024-04-10,-0.0030976570383475753,-0.0017014358694394888,0.000977549924713601,-0.003921874694228339,-0.0034863709627247423,0.002688696087549087,0.003235542457794146,0.0008864355499574844,0.0032598606214332823,0.0012304696953547426,0.0043281267337023175
2024-04-11,-8.610889037249968e-05,0.001476252691047412,0.00019653123004510211,0.0006033465708025312,0.00036945789548774896,0.000356272824585839,-0.00140342025524011,0.00022364456903081753,-0.00195470043231963,0.00022584925342451312,0.0003119581437970128
2024-04-12,-0.004598256598862258,-0.0015033926208459266,0.0020673956923156194,0.0002785708292295471,-0.004682781211912124,0.0004008206441433173,-0.00045353721236959473,-0.0003581425188938776,0.003781836160224963,0.005109688313321571,0.009707944912183828
2024-04-15,-0.00548428220046329,-0.003249762661935542,0.002685155117985333,0.00018502611647945848,-0.0010001331137019776,0.0002881476049038295,0.004704237357966774,-0.0017915453895791553,0.0020537319913515907,0.0016330603236592127,0.007117342524122503
2024-04-16,-0.01140257150526948,3.1460316724531666e-06,0.0017415808761127442,-3.3910537298565075e-05,-0.0019043687926918618,-0.0029748316821119848,0.001092919338965887,0.005330262549958992,0.003873742726527946,0.004214534360491868,0.015617105865761347
2024-04-17,0.008787887568028802,0.003666505047711468,0.002449076756761851,-0.0007115840729989386,0.004446490218572905,-0.0038965853035516306,0.0010347583917150298,-0.003008027238089204,-0.0042651005422355585,-0.008592531541612207,-0.01738041910964101
2024-04-18,0.0004028363169609045,-0.0002898026573892777,0.0009751476223159375,-0.0007844016650088093,-0.0033426687810057284,-0.00018444890405319876,-5.868091188874656e-05,-0.0010219742172509218,0.003349685581852026,0.0009496821054880495,0.000546845788527145
2024-04-19,-0.002133898477243992,-0.0030449627363423335,-0.0024735298485418665,-0.006011542898359485,-0.0003912029323717625,0.0019568117163927703,0.0013629254813065331,0.010232690966804691,-0.0014653612254827953,0.0018750976054971702,0.004008996082741162
2024-04-22,-0.010085666994738412,-0.008567016254499366,-0.00768517849100583,-0.007903773220617206,0.007565264032850696,0.003950894801083587,0.0024139660891414386,0.009716798491937816,0.004760191538336032,0.005954170303551492,0.016039837298289904
2024-04-23,-0.011594757553035143,-0.0026507375021233514,-0.0006643562287525605,0.0017112368333539315,-0.002617796721042087,-0.00012710918344846804,0.007854092154897555,0.0004518281690890037,0.0011716176654348203,0.0067026100707901015,0.018297367623825243
2024-04-24,-0.00018587492054753484,0.009681476423983069,0.005149091310479784,0.0018202636216214985,-0.0013369059440563758,-0.00432734388506867,-0.0050046674703523395,-0.0024560986688635226,-0.0015615100416352134,-0.0018335102684718715,-0.0016476353479243366
2024-04-25,-0.004260684209392086,-0.003898578959137809,-0.0017636781622974644,0.002450267145553708,0.001479004003821231,0.003226978536644073,-0.0020793346410205187,0.0019036137647684278,0.0009758931359606059,0.0020338576678821307,0.006294541877274217
2024-04-26,0.001781564798163592,0.007234667498947452,0.005499948874650384,0.0048487484779994,0.007951449550504378,0.0007756190248141837,-0.006599877113388269,-0.007419602367980015,-0.006991829874321267,-0.007103569558759875,-0.008885134356923468
2024-04-29,0.0025772638625520847,0.0010468283210599944,-0.0008418086149656573,0.0037281447827418445,-0.004505915295169196,0.004247066534743115,0.002586122534165192,-0.00046350478510082723,0.0006818527991008828,-0.009056050139127502,-0.011633314001679588
2024-04-30,-0.010302383220167289,-0.006633817515980756,0.00272491685780864,0.0017318649752982892,-0.003498628892095018,-0.0007705229920542357,0.0021058115913313385,0.004509819807681422,0.0007851460585694889,0.00933206837058657,0.01963445159075386
2024-05-06,-0.0035045981940099685,-0.0032288486698351685,-0.005797485147225028,0.0005033024796222765,0.0009023779186090445,-0.0008502320299681225,0.003387480921811465,0.0037931408722464343,0.0032057196611062757,0.0016094037493980964,0.005114001943408065
2024-05-07,-0.006292675683383065,-0.0009674307058154723,0.0009956409306171457,0.0017206688421638864,0.003057119185680175,0.004244501751909313,0.0007343612363079849,0.0034269179465719717,-0.0030835616148130263,-0.0036941199215000764,0.0025985557618829883
2024-05-08,-0.005867730326654047,0.0006990165414555935,-0.0013109683674989337,0.00017665982910870857,-0.001537593753249912,-0.0013549574843933344,0.0022306512009258963,0.0004197185690881862,0.00415372933805487,0.0024396206737635666,0.008307351000417615
2024-05-09,0.0021696400147462884,-0.002796457183131712,0.0024470847565843156,-6.90063969058833e-05,-0.001109048714971319,0.002425446043303397,0.0013140003407128965,0.00044793691141187535,-0.0022098536187127897,-0.002610898497764755,-0.004780538512511043
2024-05-10,0.0002556285825505299,-0.0007035597026343293,-0.004692626524241258,-0.0007015465161468388,-0.0029880534103150207,-0.0024880800044284382,0.0020750926531766635,0.00023573995526464777,0.004047756184065717,0.004820749451240218,0.0045651208686896885
2024-05-13,0.0009124547868570019,-0.0032801718401750304,-0.002954608274420735,0.00018849585401422084,0.003040706723325192,0.004314854790346413,-0.0014963565192993157,-0.001842350637713128,0.0015292885848380827,-0.00042195555020844186,-0.0013344103370654438
2024-05-14,-3.462678050193582e-05,-0.0018227612888457754,0.0003981096609239243,0.0005402383108474101,0.001436112396351617,0.0007136574956904296,8.171700862640127e-06,-0.00021081066114480023,-0.000615414166093781,-0.00040170846785552816,-0.00036708168735359234
2024-05-15,-0.004437888462932388,-0.0024062102804482143,0.00010420232305429096,-0.0010476633293014796,0.0003978618817797096,-0.0017346200455182724,0.0007690998277851465,0.002985465925186405,0.00043780656579484826,0.004926374324569604,0.009364262787501992
2024-05-16,-0.0013558871405888865,0.002719656182382725,0.0022736040336908073,-0.0018502020058099949,0.00015045085868168684,0.005748695257994337,0.0004503831373038877,-0.004587703638587777,0.0003779724846863291,-0.0038582772566911868,-0.0025023901161023003
2024-05-17,0.0027557349456081405,-0.000627385068411129,0.0020994689558998057,0.0010239476092366304,-0.006656988035552079,0.004624320797109591,0.0025302960934042826,0.00012919562983858745,-0.002781448387795309,-0.0031933159668192596,-0.0059490509124274
2024-05-20,-0.0028196111754583237,0.003957239434310269,-0.0017582223105258533,0.003052238109606692,0.0072292986720022935,-0.0017233928969225475,0.00018990611605755126,-0.0010712803955131717,-0.002556155548444506,-0.004353627381501007,-0.001534016206042683
2024-05-21,-0.0033079806327856497,-0.00476126603363368,0.0019293812746496218,-0.004744894115110284,0.00023849243142257874,0.0009876543206852116,0.002316749719076086,0.001260412888690352,0.0026231739892442632,0.003409713269840788,0.006717693902626437
2024-05-22,-0.002467071879274956,0.0046911968179909735,0.0007928069918190866,0.0038417241186841844,-0.0008316309563962349,0.006120129116975024,0.0015752700203597626,-0.004224183288052882,-0.004383733865284235,-0.00500616719403984,-0.002539095314764884
2024-05-23,-0.0012114616437557495,0.0008177987538888416,-0.007962965350260226,0.0007176192897063829,-0.0006079476295708834,-0.0014149761341107458,0.0025640303142069644,0.00026804558993907986,0.002824105290993525,0.00411592306925653,0.0053273847130122795
2024-05-24,-0.00964095439580117,-0.0023836361825473346,0.0016919722013866475,-0.0017867082194866636,0.002738156192835028,-0.00012615656960479095,0.0009983121952207297,0.0019279302710657757,0.0045203465566453355,0.0021306128683433265,0.011771567264144496
2024-05-27,-0.0011629357896101966,0.0022973472008507617,0.0018540929458608568,-0.0015681334588697354,0.0016881700147009585,0.0006119926542693449,-0.004110068962957519,0.0012463077833403642,-0.0016562235599689662,0.0007549705811367275,0.001917906370746924
2024-05-28,0.002897659511834088,-0.0022596032069711874,-0.0005474707920060479,0.0007137034203202324,0.0015296389403791652,0.0011497216684886679,-0.0019132425628309577,-6.27827783729117e-05,-0.0008608909247557776,-0.0007101395082003382,-0.0036077990200344265
2024-05-29,0.0012710367534417648,0.004346791914281607,-0.0008204742428489296,0.0012730210264174872,0.001355915856989776,-0.0031297892836739203,0.0012743240716413216,-0.0003357003162401173,-0.0031711877803715267,-0.002012991097676316,-0.0032840278511180807
2024-05-30,-0.006343505566664147,-0.006259432144734234,0.003879036950274068,0.0010684025933275004,-0.0013088849203999084,0.0014303517997772352,0.0006669350092619026,0.0016955598095175252,0.0025838521217990485,0.002727783319032392,0.009071288885696539
2024-05-31,-0.005024618828964546,0.0012721642276186818,0.0008617787806649743,0.001365188681048018,-8.650487717571655e-05,0.0032140919578428893,0.0001465863820049101,0.000868601989764327,-0.001564026892219918,-0.0009543719660181744,0.004070246862946372
2024-06-03,0.0031835420240152535,0.004363409069975268,0.0010732855740637603,-0.000680338998498601,-0.002883974653982737,0.0021522973540137142,-0.004974130690479807,-0.00023455619107548608,0.0037488683476256017,-0.005861491229436562,-0.009045033253451816
2024-06-04,-0.005605975756270837,-7.803293104006147e-06,0.00256682328809499,0.003676755952645437,0.00040921441124254466,-0.0011689448874235057,0.0011193385954908867,0.0005442546781405397,-0.0010572572512129322,-0.00041564335673077637,0.0051903323995400605
2024-06-05,-0.006607752374203409,0.0004337272089833344,0.001928128127155408,-0.00029462089035402574,0.0017500263451835456,0.0010254700838930792,0.0002689116543231747,-0.0013855818032520685,0.0017142467651664064,0.0012303995795448419,0.007838151953748252
2024-06-06,-0.0008793590585313188,0.00010291842774168736,-0.0014131123289451018,-3.433999534886473e-05,-0.006670276644154669,0.0037152890723783985,0.002036971232559435,-0.001618619439241369,-0.0004859127551675368,0.005115794878795274,0.005995153937326593
2024-06-07,-0.00784501326364316,6.024720700972575e-05,0.0016388079283786027,0.0019125182470416536,0.0012221952629231612,0.0003910870439668404,0.001927738637856523,-0.001299934706605345,-0.0002582525867426633,0.002265205435129464,0.010110218698772624
2024-06-11,0.00045948324025298147,-0.0021925470163367106,0.0006031419006648283,0.0026833780514861007,-0.005300351836593399,-0.0028400769732057313,0.005842314646868168,-0.0032464349261623207,0.0040944594852901925,-0.0002130339722381711,-0.0006725172124911526
2024-06-12,-0.0016637852986335336,-0.0008398080801033744,0.002354035705862007,0.004162624268782008,0.00408372030285979,0.0012778174495049989,0.0007046212133730332,-0.0035907342395690676,0.0002269748857632748,-0.006629555583766869,-0.004965770285133335
2024-06-13,0.001654463260642803,-0.0009646533626445686,-0.001164205138362775,0.0050993834199196016,-0.0008657993235448552,-0.00048372377277632007,0.0022428884927270226,-0.0019431107776988594,-0.001483976065732247,-0.0021166885732280057,-0.0037711518338708087
2024-06-14,0.002785749193054856,-0.000803889913979594,0.0033525356301093126,0.0018917754685928824,-0.0027230162049408533,-0.0007471960434851966,0.0024247133630869986,-0.0036918698221891796,-0.0015535250645788857,-0.0009052624511968156,-0.0036910116442516717
2024-06-17,0.0020226147495815503,0.00013152781568156417,0.0047818839564317105,0.003934360045414658,-0.0003410075052913725,-0.00266098830940334,-0.0018707746344479,-0.002027231184211573,0.001410717026093251,-0.0053398302516292,-0.007362445001210751
2024-06-18,0.0007556529379329801,-0.0012873593171161795,0.0012189032456824099,0.0032287677483154227,0.0012665406959885424,-0.002627800756206973,0.004718120109209057,-0.002287483285162337,-0.002359254007328702,-0.0024671496141637464,-0.0032228025520967263
2024-06-19,0.002971558265394428,-0.0023196570553149273,-0.0027569933901129603,-0.0001700638166120534,-7.627781505347092e-05,8.985638576223523e-05,-0.00021062494692676058,0.0011638285859445537,0.00045451922284190955,0.0008462407888060994,-0.0021253174765883285
2024-06-20,0.0019607907469539757,-0.0034151298063102554,-0.002870562602681209,-0.0022101342985695045,-0.0027880652623416178,0.0008225577600111526,6.12214407072942e-05,0.004219715214222705,0.0012645089681845227,0.002971548995023183,0.0010107582480692072
2024-06-21,-0.0006434728140352782,0.0005402207956905593,-0.003476405214504495,-0.0003922547729311891,0.00018770611374980335,0.00028968378709021483,0.0021366672653580073,-0.0007608460747465066,0.0010034381227233989,0.0011210564673472855,0.0017645292813825637
2024-06-24,-0.005424121748892422,-0.001637769840215528,-0.004290290339819877,-0.00010577871821827647,2.4402426092633698e-05,0.0028064049958677955,0.0008020630574056754,0.0008322303498410527,0.0011131429749693907,0.0058936425297533715,0.011317764278645793
2024-06-25,-0.007830082356158629,-0.0028418259284626432,0.0013305769773493768,-0.0037551536891490722,-0.0025711943038652266,-0.0011856663062143403,0.0009719827465632059,0.002845238401563707,0.0065991830270219765,0.006496744412805641,0.01432682676896427
2024-06-26,0.0013582558920991953,-0.00152686946531299,0.003425600853308452,0.004005669460520259,-0.002602886464732503,0.0041184661032371405,0.0018862153315982498,-0.00248102374485251,0.001449366454345623,-0.009550425098146145,-0.010908680990245341
2024-06-27,-0.0027930834477091025,-0.0005968669398074843,-0.001833416825478228,0.0009308811771597868,0.00010436431061530249,0.0003960437396125484,0.0028826689219013115,-0.000959289746787716,0.004353993513151014,-0.002477373827865318,0.00031570961984378433
2024-06-28,0.0002513749721205793,0.009829985800298677,0.003364845065365614,-0.0019326330354157832,-0.0003909819451210191,0.0027015888622481383,-0.005324061906794186,-0.0006214885188863239,-0.0035857528421421783,-0.004238844674428559,-0.004490219646549139
