Date,nav,high_water_mark,drawdown
2022-02-07,1.001094341906855,1.001094341906855,0.0
2022-02-08,1.004263306674828,1.004263306674828,0.0
2022-02-09,1.002227883410858,1.004263306674828,-0.0020267824687426605
2022-02-10,1.003569264130279,1.004263306674828,-0.0006910961895513212
2022-02-11,1.003036472319608,1.004263306674828,-0.0012216261881381474
2022-02-14,1.0013343411874316,1.004263306674828,-0.002916531419528301
2022-02-15,0.9982837245347244,1.004263306674828,-0.005954197569860931
2022-02-16,0.998051262375002,1.004263306674828,-0.006185672879351345
2022-02-17,0.9957705720768044,1.004263306674828,-0.008456681172733127
2022-02-18,0.9961996916924404,1.004263306674828,-0.008029383259144263
2022-02-21,0.9954057500887934,1.004263306674828,-0.008819954415503428
2022-02-22,0.9959302775401616,1.004263306674828,-0.008297653692294737
2022-02-23,0.9968379277171596,1.004263306674828,-0.007393856679135613
2022-02-24,0.9979494839488121,1.004263306674828,-0.0062870192349469
2022-02-25,0.9988247234167783,1.004263306674828,-0.005415495340616694
2022-02-28,0.9971712917233619,1.004263306674828,-0.007061907872496276
2022-03-01,0.9956086594625593,1.004263306674828,-0.008617906434244649
2022-03-02,0.9945908729629824,1.004263306674828,-0.009631372218379286
2022-03-03,0.995511458113431,1.004263306674828,-0.008714695143423046
2022-03-04,0.9978496616962738,1.004263306674828,-0.006386417721255033
2022-03-07,0.9990664098193847,1.004263306674828,-0.005174834947072493
2022-03-08,1.002859223483203,1.004263306674828,-0.0013981225663557417
2022-03-09,0.9990563643779141,1.004263306674828,-0.005184837743553938
2022-03-10,0.9979630418855784,1.004263306674828,-0.006273518854442939
2022-03-11,0.9974501456920938,1.004263306674828,-0.0067842376968776374
2022-03-14,0.9986965932108753,1.004263306674828,-0.005543081607137901
2022-03-15,0.9990609990954997,1.004263306674828,-0.005180222701308801
2022-03-16,0.9964224773175551,1.004263306674828,-0.007807543405358941
2022-03-17,0.9954713950963319,1.004263306674828,-0.008754588084679438
2022-03-18,0.9969097963670518,1.004263306674828,-0.007322293126614587
2022-03-21,0.9962606943706085,1.004263306674828,-0.007968639550036682
2022-03-22,1.0011393066607355,1.004263306674828,-0.0031107379840814575
2022-03-23,1.000993957020036,1.004263306674828,-0.003255470585316167
2022-03-24,1.0014934695634965,1.004263306674828,-0.002758078576526657
2022-03-25,1.0036883468467943,1.004263306674828,-0.0005725190039428396
2022-03-28,1.0052617347775572,1.0052617347775572,0.0
2022-03-29,1.004384832684079,1.0052617347775572,-0.0008723122179441489
2022-03-30,1.0020470091293936,1.0052617347775572,-0.0031978991509857835
2022-03-31,1.0061979730346686,1.0061979730346686,0.0
2022-04-01,1.007941137528153,1.007941137528153,0.0
2022-04-06,1.0155114653827726,1.0155114653827726,0.0
2022-04-07,1.0169660125805702,1.0169660125805702,0.0
2022-04-08,1.0175403166779993,1.0175403166779993,0.0
2022-04-11,1.019432032673091,1.019432032673091,0.0
2022-04-12,1.0201872694738514,1.0201872694738514,0.0
2022-04-13,1.0241143423876826,1.0241143423876826,0.0
2022-04-14,1.0215531144217516,1.0241143423876826,-0.0025009199265383364
2022-04-15,1.0222927341084218,1.0241143423876826,-0.0017787157193930314
2022-04-18,1.0237966375599792,1.0241143423876826,-0.00031022398042268584
2022-04-19,1.0242532560356121,1.0242532560356121,0.0
2022-04-20,1.0299072014383264,1.0299072014383264,0.0
2022-04-21,1.0334354327207944,1.0334354327207944,0.0
2022-04-22,1.0368252715328545,1.0368252715328545,0.0
2022-04-25,1.0379654064573154,1.0379654064573154,0.0
2022-04-26,1.0366681424354565,1.0379654064573154,-0.001249814313452502
2022-04-27,1.0294496810451164,1.0379654064573154,-0.008204247809437182
2022-04-28,1.0300320998403474,1.0379654064573154,-0.007643132003835484
2022-04-29,1.0296603901325134,1.0379654064573154,-0.008001245776723787
2022-05-05,1.0295915652272485,1.0379654064573154,-0.00806755329028519
2022-05-06,1.032056591834387,1.0379654064573154,-0.005692689357630787
2022-05-09,1.0324451109827957,1.0379654064573154,-0.005318380978958648
2022-05-10,1.0300340068280895,1.0379654064573154,-0.00764129476751696
2022-05-11,1.0289071147656152,1.0379654064573154,-0.00872696877501633
2022-05-12,1.0290198283916698,1.0379654064573154,-0.008618377847656511
2022-05-13,1.0273826802540569,1.0379654064573154,-0.010195644418804384
2022-05-16,1.025715677531137,1.0379654064573154,-0.011801673591404271
2022-05-17,1.0246681124385781,1.0379654064573154,-0.012810922152138304
2022-05-18,1.0253554851374609,1.0379654064573154,-0.012148691316113736
2022-05-19,1.0245451811257176,1.0379654064573154,-0.012929357036476241
2022-05-20,1.023426774453801,1.0379654064573154,-0.014006856021470115
2022-05-23,1.0244644965676257,1.0379654064573154,-0.013007090415247724
2022-05-24,1.0256181613715396,1.0379654064573154,-0.011895622926315297
2022-05-25,1.0258809269207743,1.0379654064573154,-0.01164246848821937
2022-05-26,1.0267225526645545,1.0379654064573154,-0.010831626683141526
2022-05-27,1.0256494913386485,1.0379654064573154,-0.011865438907740167
2022-05-30,1.0296034628685562,1.0379654064573154,-0.008056090826089601
2022-05-31,1.0340823693710137,1.0379654064573154,-0.0037410081898151537
2022-06-01,1.039279013489296,1.039279013489296,0.0
2022-06-02,1.047742043650607,1.047742043650607,0.0
2022-06-06,1.0509820736818674,1.0509820736818674,0.0
2022-06-07,1.0483448800220627,1.0509820736818674,-0.002509266072032834
2022-06-08,1.045372475168681,1.0509820736818674,-0.005337482582870701
2022-06-09,1.0430478932784293,1.0509820736818674,-0.007549301365000982
2022-06-10,1.041023053583462,1.0509820736818674,-0.009475918141511497
2022-06-13,1.0393609218457498,1.0509820736818674,-0.011057421555636604
2022-06-14,1.0369800136777538,1.0509820736818674,-0.013322834284947072
2022-06-15,1.0356186565543426,1.0509820736818674,-0.014618153356034558
2022-06-16,1.036642424702573,1.0509820736818674,-0.013644047161583628
2022-06-17,1.0378587066511515,1.0509820736818674,-0.01248676581584418
2022-06-20,1.0367700287170598,1.0509820736818674,-0.013522633088325686
2022-06-21,1.0351769592375815,1.0509820736818674,-0.015038424384267945
2022-06-22,1.0339975927918847,1.0509820736818674,-0.016160580960702275
2022-06-23,1.0355754103490795,1.0509820736818674,-0.014659301731773766
2022-06-24,1.0380055344268801,1.0509820736818674,-0.012347060506490815
2022-06-27,1.0354463322982872,1.0509820736818674,-0.014782118337332228
2022-06-28,1.0327483649775213,1.0509820736818674,-0.017349210001716298
2022-06-29,1.0316904855857778,1.0509820736818674,-0.01835577273787936
2022-06-30,1.0303668527226728,1.0509820736818674,-0.019615197514239235
2022-07-01,1.0321635470967114,1.0509820736818674,-0.017905658960699178
2022-07-04,1.0308284291263343,1.0509820736818674,-0.019176011713434415
2022-07-05,1.0301728073064491,1.0509820736818674,-0.019799829984271655
2022-07-06,1.0324471555395272,1.0509820736818674,-0.017635808075591175
2022-07-07,1.0344174688995056,1.0509820736818674,-0.015761072616901628
2022-07-08,1.0365762039319366,1.0509820736818674,-0.013707055629848308
2022-07-11,1.0343879455540512,1.0509820736818674,-0.015789163814833196
2022-07-12,1.03464006135817,1.0509820736818674,-0.015549277892482838
2022-07-13,1.0369518985913124,1.0509820736818674,-0.013349585537081099
2022-07-14,1.0387984421650431,1.0509820736818674,-0.011592615917930704
2022-07-15,1.0382450437641173,1.0509820736818674,-0.012119169524108853
2022-07-18,1.039899133261732,1.0509820736818674,-0.010545318229176703
2022-07-19,1.0408888807520291,1.0509820736818674,-0.009603582385072529
2022-07-20,1.0430987792415396,1.0509820736818674,-0.007500883828313598
2022-07-21,1.0440912644961284,1.0509820736818674,-0.006556543026084771
2022-07-22,1.0448724679729728,1.0509820736818674,-0.005813234937006029
2022-07-25,1.0457836536405967,1.0509820736818674,-0.004946249961295002
2022-07-26,1.0436529484957726,1.0509820736818674,-0.006973596762139711
2022-07-27,1.0431616783483368,1.0509820736818674,-0.007441035893346548
2022-07-28,1.0440748051584368,1.0509820736818674,-0.006572203938010723
2022-07-29,1.0429075077009178,1.0509820736818674,-0.00768287698063419
2022-08-01,1.0447845178528656,1.0509820736818674,-0.005896918686053354
2022-08-02,1.0462684868812984,1.0509820736818674,-0.004484935489009856
2022-08-03,1.0489509479242956,1.0509820736818674,-0.0019325979085982326
2022-08-04,1.0509490921250837,1.0509820736818674,-3.138165493932199e-05
2022-08-05,1.0553504568419951,1.0553504568419951,0.0
2022-08-08,1.0528217704196885,1.0553504568419951,-0.0023960632280137784
2022-08-09,1.05144334553939,1.0553504568419951,-0.0037021932167412563
2022-08-10,1.0541365086856849,1.0553504568419951,-0.0011502796520720393
2022-08-11,1.0553625645313889,1.0553625645313889,0.0
2022-08-12,1.0524711508004565,1.0553625645313889,-0.0027397349764971546
2022-08-15,1.0532575456168465,1.0553625645313889,-0.001994593124001076
2022-08-16,1.0519679774401591,1.0553625645313889,-0.0032165126993461968
2022-08-17,1.0504250051356492,1.0553625645313889,-0.0046785432435081376
2022-08-18,1.0533418123206364,1.0553625645313889,-0.0019147469113136584
2022-08-19,1.0534691781310708,1.0553625645313889,-0.0017940624994206011
2022-08-22,1.0551888233124465,1.0553625645313889,-0.0001646270436166386
2022-08-23,1.0523678242597339,1.0553625645313889,-0.0028376411787780498
2022-08-24,1.0520729058476974,1.0553625645313889,-0.0031170886615181637
2022-08-25,1.054558432062329,1.0553625645313889,-0.0007619490174137766
2022-08-26,1.0575518263866321,1.0575518263866321,0.0
2022-08-29,1.056118016984416,1.0575518263866321,-0.0013557816897873387
2022-08-30,1.057438914600011,1.0575518263866321,-0.00010676714256829811
2022-08-31,1.0585641863884558,1.0585641863884558,0.0
2022-09-01,1.0599545777231592,1.0599545777231592,0.0
2022-09-02,1.0601702376304183,1.0601702376304183,0.0
2022-09-05,1.0587364263046002,1.0601702376304183,-0.0013524349910282174
2022-09-06,1.0572893775183871,1.0601702376304183,-0.0027173561469431284
2022-09-07,1.0563821199083558,1.0601702376304183,-0.003573122115302252
2022-09-08,1.0567163371059656,1.0601702376304183,-0.0032578735016863813
2022-09-09,1.0565328237881386,1.0601702376304183,-0.003430971473420752
2022-09-13,1.058461535760943,1.0601702376304183,-0.0016117240503698005
2022-09-14,1.0609190410324085,1.0609190410324085,0.0
2022-09-15,1.0652758702193255,1.0652758702193255,0.0
2022-09-16,1.068514630341377,1.068514630341377,0.0
2022-09-19,1.0671382384543524,1.068514630341377,-0.00128813574277864
2022-09-20,1.0639132450831097,1.068514630341377,-0.004306338095527273
2022-09-21,1.0668220913601079,1.068514630341377,-0.0015840110497395976
2022-09-22,1.0661456555880846,1.068514630341377,-0.0022170728280394014
2022-09-23,1.0675183024643295,1.068514630341377,-0.000932441960789232
2022-09-26,1.063348979596388,1.068514630341377,-0.004834422101771985
2022-09-27,1.0643398980034333,1.068514630341377,-0.003907042748314993
2022-09-28,1.0670726809734858,1.068514630341377,-0.001349489587644248
2022-09-29,1.0664741162531857,1.068514630341377,-0.001909673513351362
2022-09-30,1.0683281443162596,1.068514630341377,-0.00017452828423880629
2022-10-10,1.0705067442706815,1.0705067442706815,0.0
2022-10-11,1.0696368181011624,1.0705067442706815,-0.000812630255881075
2022-10-12,1.0692173240858922,1.0705067442706815,-0.0012044951530574277
2022-10-13,1.0688997438216834,1.0705067442706815,-0.0015011586406145083
2022-10-14,1.068154727075674,1.0705067442706815,-0.002197106377512803
2022-10-17,1.0684440031485936,1.0705067442706815,-0.0019268828833892693
2022-10-18,1.0674608498827833,1.0705067442706815,-0.0028452827637002187
2022-10-19,1.0654639924273663,1.0705067442706815,-0.0047106212738068365
2022-10-20,1.0690845422777102,1.0705067442706815,-0.001328531558145607
2022-10-21,1.0685629880548713,1.0705067442706815,-0.0018157346753892023
2022-10-24,1.0664924499957933,1.0705067442706815,-0.0037499009664091476
2022-10-25,1.067011046254331,1.0705067442706815,-0.0032654609931785927
2022-10-26,1.068869658037967,1.0705067442706815,-0.0015292628855222423
2022-10-27,1.0767657645854116,1.0767657645854116,0.0
2022-10-28,1.0761752001575058,1.0767657645854116,-0.0005484613713858666
2022-10-31,1.080509237617603,1.080509237617603,0.0
2022-11-01,1.079726313255839,1.080509237617603,-0.0007245883093885963
2022-11-02,1.0773777208803443,1.080509237617603,-0.0028981859925264475
2022-11-03,1.0753569306827138,1.080509237617603,-0.004768406188039198
2022-11-04,1.0725622620074406,1.080509237617603,-0.007354842821783336
2022-11-07,1.0742600053761517,1.080509237617603,-0.005783599088176383
2022-11-08,1.074815118879613,1.080509237617603,-0.005269847345817258
2022-11-09,1.0742584261383057,1.080509237617603,-0.0057850606562880325
2022-11-10,1.0782585895511223,1.080509237617603,-0.002082951249397169
2022-11-11,1.0790036624520847,1.080509237617603,-0.0013933940711492454
2022-11-14,1.0810750750350342,1.0810750750350342,0.0
2022-11-15,1.07758008967819,1.0810750750350342,-0.003232879415641876
2022-11-16,1.0788762980928623,1.0810750750350342,-0.0020338799709174182
2022-11-17,1.080218669084677,1.0810750750350342,-0.0007921799051092693
2022-11-18,1.0815149957819867,1.0815149957819867,0.0
2022-11-21,1.0794020048970108,1.0815149957819867,-0.0019537323968847886
2022-11-22,1.0837247152471416,1.0837247152471416,0.0
2022-11-23,1.0841448119410881,1.0841448119410881,0.0
2022-11-24,1.0839374119013667,1.0841448119410881,-0.00019130289370672404
2022-11-25,1.0865515354590214,1.0865515354590214,0.0
2022-11-28,1.0850364627641067,1.0865515354590214,-0.0013943864100975922
2022-11-29,1.0862263993913241,1.0865515354590214,-0.0002992366740891539
2022-11-30,1.0865456837557501,1.0865515354590214,-5.385573606297989e-06
2022-12-01,1.086538687224831,1.0865515354590214,-1.182478121930508e-05
2022-12-02,1.0862580630468979,1.0865515354590214,-0.0002700952532357359
2022-12-05,1.089171729278315,1.089171729278315,0.0
2022-12-06,1.088859432057127,1.089171729278315,-0.00028672909220195386
2022-12-07,1.0886708637452784,1.089171729278315,-0.00045985910171242317
2022-12-08,1.0886468272881147,1.089171729278315,-0.0004819276667675787
2022-12-09,1.0873320065083958,1.089171729278315,-0.0016891025725925823
2022-12-12,1.086197535879496,1.089171729278315,-0.0027306927997384767
2022-12-13,1.0859866257901316,1.089171729278315,-0.00292433544000803
2022-12-14,1.0885070500290548,1.089171729278315,-0.0006102612025199461
2022-12-15,1.087188732599222,1.089171729278315,-0.0018206464837339231
2022-12-16,1.0876098703797918,1.089171729278315,-0.0014339877326396966
2022-12-19,1.088384352151053,1.089171729278315,-0.0007229136655829693
2022-12-20,1.090124241163568,1.090124241163568,0.0
2022-12-21,1.0897159428387657,1.090124241163568,-0.0003745429276634793
2022-12-22,1.0923563648944767,1.0923563648944767,0.0
2022-12-23,1.0940275289707129,1.0940275289707129,0.0
2022-12-26,1.0898586765139244,1.0940275289707129,-0.0038105553529449443
2022-12-27,1.0906288984209898,1.0940275289707129,-0.0031065311061418965
2022-12-28,1.0917127543803211,1.0940275289707129,-0.0021158284678353123
2022-12-29,1.092946460546507,1.0940275289707129,-0.0009881546812839925
2022-12-30,1.093722671572751,1.0940275289707129,-0.00027865605744736843
2023-01-03,1.090505193801393,1.0940275289707129,-0.0032196037814823386
2023-01-04,1.093242753470434,1.0940275289707129,-0.0007173270137151855
2023-01-05,1.093916533237411,1.0940275289707129,-0.00010145606976297294
2023-01-06,1.0923769543588637,1.0940275289707129,-0.001508713965728159
2023-01-09,1.0915314426490947,1.0940275289707129,-0.0022815571414062097
2023-01-10,1.091652194916702,1.0940275289707129,-0.0021711830745664296
2023-01-11,1.0922146790377225,1.0940275289707129,-0.0016570423366730758
2023-01-12,1.0935358939946624,1.0940275289707129,-0.0004493808090121343
2023-01-13,1.0958754625463059,1.0958754625463059,0.0
2023-01-16,1.0959457214518098,1.0959457214518098,0.0
2023-01-17,1.097203745600939,1.097203745600939,0.0
2023-01-18,1.0976301699330313,1.0976301699330313,0.0
2023-01-19,1.1007776227016062,1.1007776227016062,0.0
2023-01-20,1.0987560381414152,1.1007776227016062,-0.001836505865035143
2023-01-30,1.0965721482150632,1.1007776227016062,-0.0038204578289133817
2023-01-31,1.0951072065263285,1.1007776227016062,-0.005151282201177887
2023-02-01,1.0963130657007945,1.1007776227016062,-0.004055821002115323
2023-02-02,1.0955731334281074,1.1007776227016062,-0.004728011513102537
2023-02-03,1.0970359602476307,1.1007776227016062,-0.003399108391023087
2023-02-06,1.1011528896859184,1.1011528896859184,0.0
2023-02-07,1.1033955250338137,1.1033955250338137,0.0
2023-02-08,1.1040485591756746,1.1040485591756746,0.0
2023-02-09,1.1061209516050028,1.1061209516050028,0.0
2023-02-10,1.1090739298925796,1.1090739298925796,0.0
2023-02-13,1.1080755130838014,1.1090739298925796,-0.0009002256584238477
2023-02-14,1.1109073514790258,1.1109073514790258,0.0
2023-02-15,1.113118676303378,1.113118676303378,0.0
2023-02-16,1.115951995993497,1.115951995993497,0.0
2023-02-17,1.11772664343006,1.11772664343006,0.0
2023-02-20,1.1184565942981142,1.1184565942981142,0.0
2023-02-21,1.1199849862274618,1.1199849862274618,0.0
2023-02-22,1.121533902147564,1.121533902147564,0.0
2023-02-23,1.1213883270497687,1.121533902147564,-0.00012979999758966354
2023-02-24,1.12428588575577,1.12428588575577,0.0
2023-02-27,1.124684820031158,1.124684820031158,0.0
2023-02-28,1.1247848374639966,1.1247848374639966,0.0
2023-03-01,1.125293567361828,1.125293567361828,0.0
2023-03-02,1.1296142801671374,1.1296142801671374,0.0
2023-03-03,1.1290438108797158,1.1296142801671374,-0.0005050124608350082
2023-03-06,1.1306786472149326,1.1306786472149326,0.0
2023-03-07,1.134582152506237,1.134582152506237,0.0
2023-03-08,1.1346134527968108,1.1346134527968108,0.0
2023-03-09,1.1343302475903705,1.1346134527968108,-0.0002496050137095196
2023-03-10,1.1354822301342808,1.1354822301342808,0.0
2023-03-13,1.1369467895440513,1.1369467895440513,0.0
2023-03-14,1.1377426020377521,1.1377426020377521,0.0
2023-03-15,1.1398562463315733,1.1398562463315733,0.0
2023-03-16,1.1419867698284858,1.1419867698284858,0.0
2023-03-17,1.141024460815217,1.1419867698284858,-0.0008426621382079391
2023-03-20,1.1423250212533018,1.1423250212533018,0.0
2023-03-21,1.1408599702555549,1.1423250212533018,-0.0012825167710496244
2023-03-22,1.1430164668672291,1.1430164668672291,0.0
2023-03-23,1.1440177954106194,1.1440177954106194,0.0
2023-03-24,1.1428042389844948,1.1440177954106194,-0.0010607845708283659
2023-03-27,1.14136166516678,1.1440177954106194,-0.00232175605527718
2023-03-28,1.1453649266578978,1.1453649266578978,0.0
2023-03-29,1.1447782429064381,1.1453649266578978,-0.0005122243031935314
2023-03-30,1.1465218385008844,1.1465218385008844,0.0
2023-03-31,1.145298504596078,1.1465218385008844,-0.0010669957289308751
2023-04-03,1.14149860370283,1.1465218385008844,-0.00438128139331595
2023-04-04,1.139059294412198,1.1465218385008844,-0.006508854727480751
2023-04-06,1.1393269174865532,1.1465218385008844,-0.006275433029464761
2023-04-07,1.1400505483625585,1.1465218385008844,-0.005644279874151725
2023-04-10,1.1439511365326462,1.1465218385008844,-0.0022421744461487148
2023-04-11,1.1411038168841996,1.1465218385008844,-0.00472561571419261
2023-04-12,1.13920921342564,1.1465218385008844,-0.0063780948863616516
2023-04-13,1.1398487471195573,1.1465218385008844,-0.005820291561172919
2023-04-14,1.1383605575637854,1.1465218385008844,-0.007118295232622973
2023-04-17,1.1399897802068308,1.1465218385008844,-0.005697282053165664
2023-04-18,1.1403904115746735,1.1465218385008844,-0.005347850097847218
2023-04-19,1.1400021511588783,1.1465218385008844,-0.005686492069379878
2023-04-20,1.1394905656705807,1.1465218385008844,-0.006132698562024141
2023-04-21,1.1450187035122446,1.1465218385008844,-0.001311039125609037
2023-04-24,1.1478931672093686,1.1478931672093686,0.0
2023-04-25,1.1500697058654266,1.1500697058654266,0.0
2023-04-26,1.1495683744062155,1.1500697058654266,-0.00043591397691311595
2023-04-27,1.155213910420058,1.155213910420058,0.0
2023-04-28,1.1545757532564362,1.155213910420058,-0.0005524147154614134
2023-05-04,1.15799175209427,1.15799175209427,0.0
2023-05-05,1.1593409808769817,1.1593409808769817,0.0
2023-05-08,1.1596045980243153,1.1596045980243153,0.0
2023-05-09,1.1626402029023228,1.1626402029023228,0.0
2023-05-10,1.162175572368377,1.1626402029023228,-0.0003996339820229178
2023-05-11,1.1647779494458304,1.1647779494458304,0.0
2023-05-12,1.165688177578657,1.165688177578657,0.0
2023-05-15,1.1599438793633923,1.165688177578657,-0.004927817169079085
2023-05-16,1.1598309653547711,1.165688177578657,-0.0050246818459223075
2023-05-17,1.1611287190437114,1.165688177578657,-0.0039113878159220405
2023-05-18,1.1582011578191336,1.165688177578657,-0.006422832369352149
2023-05-19,1.1562317936601103,1.165688177578657,-0.008112275735856933
2023-05-22,1.1562532328441293,1.165688177578657,-0.008093883867061002
2023-05-23,1.155980091039214,1.165688177578657,-0.008328201937853108
2023-05-24,1.1558678838218879,1.165688177578657,-0.008424460285054614
2023-05-25,1.1565255082299715,1.165688177578657,-0.00786030906457158
2023-05-26,1.1543017172287866,1.165688177578657,-0.00976801563993046
2023-05-29,1.1529851364649446,1.165688177578657,-0.01089746070865949
2023-05-30,1.151610597269474,1.165688177578657,-0.012076626133778467
2023-05-31,1.150167155592988,1.165688177578657,-0.013314900403218366
2023-06-01,1.1471908316716477,1.165688177578657,-0.015868176638311193
2023-06-02,1.1444420721637545,1.165688177578657,-0.018226233930787927
2023-06-05,1.1454953306820221,1.165688177578657,-0.01732268310259355
2023-06-06,1.1426300744531896,1.165688177578657,-0.019780678545923913
2023-06-07,1.1426922168148261,1.165688177578657,-0.019727368953503133
2023-06-08,1.1419067732921102,1.165688177578657,-0.020401171380106997
2023-06-09,1.1410426199877082,1.165688177578657,-0.02114249596503759
2023-06-12,1.1426584010785186,1.165688177578657,-0.019756378200536773
2023-06-13,1.144667461455677,1.165688177578657,-0.018032880943035456
2023-06-14,1.1459663119761094,1.165688177578657,-0.016918645982593183
2023-06-15,1.1430677282589028,1.165688177578657,-0.019405231823437452
2023-06-16,1.1422934079422755,1.165688177578657,-0.020069492070320716
2023-06-19,1.139858253336377,1.165688177578657,-0.02215851952443515
2023-06-20,1.1398218752966822,1.165688177578657,-0.022189726875075366
2023-06-21,1.1423221779457509,1.165688177578657,-0.02004481136751468
2023-06-26,1.1427288982917818,1.165688177578657,-0.01969590129546106
2023-06-27,1.1449588446054535,1.165688177578657,-0.017782914309264042
2023-06-28,1.147017440117717,1.165688177578657,-0.016016922724327975
2023-06-29,1.1498972736992479,1.165688177578657,-0.013546421918947171
2023-06-30,1.1499406373028773,1.165688177578657,-0.013509221916010228
2023-07-03,1.1514508452854029,1.165688177578657,-0.012213671346335109
2023-07-04,1.150158406502204,1.165688177578657,-0.013322405918803404
2023-07-05,1.1530261153965022,1.165688177578657,-0.010862306426111412
2023-07-06,1.1544126247969742,1.165688177578657,-0.009672872212793782
2023-07-07,1.1556794082417263,1.165688177578657,-0.008586146389269023
2023-07-10,1.1549960450737033,1.165688177578657,-0.009172377922853303
2023-07-11,1.1579128563007302,1.165688177578657,-0.006670155387590415
2023-07-12,1.1589574199448027,1.165688177578657,-0.005774063564610521
2023-07-13,1.15950204424309,1.165688177578657,-0.005306850883927461
2023-07-14,1.1590222375417822,1.165688177578657,-0.0057184589885102
2023-07-17,1.1633200158061556,1.165688177578657,-0.002031556824587888
2023-07-18,1.1672082024161552,1.1672082024161552,0.0
2023-07-19,1.1676488808863623,1.1676488808863623,0.0
2023-07-20,1.1674752587703647,1.1676488808863623,-0.00014869377159487662
2023-07-21,1.168364281408813,1.168364281408813,0.0
2023-07-24,1.1710825753153244,1.1710825753153244,0.0
2023-07-25,1.170402119231188,1.1710825753153244,-0.000581048765031178
2023-07-26,1.1727637251420813,1.1727637251420813,0.0
2023-07-27,1.1728265025436502,1.1728265025436502,0.0
2023-07-28,1.1742424285160193,1.1742424285160193,0.0
2023-07-31,1.173635538807038,1.1742424285160193,-0.0005168351051223485
2023-08-01,1.1744302290283912,1.1744302290283912,0.0
2023-08-02,1.1752770092572369,1.1752770092572369,0.0
2023-08-03,1.1737803239123883,1.1752770092572369,-0.0012734745366920208
2023-08-04,1.1737909280330996,1.1752770092572369,-0.0012644518802222837
2023-08-07,1.1736791521741738,1.1752770092572369,-0.0013595578493217353
2023-08-08,1.1733825343992963,1.1752770092572369,-0.0016119390092875774
2023-08-09,1.1728824778418858,1.1752770092572369,-0.002037418750209685
2023-08-10,1.172630328781521,1.1752770092572369,-0.0022519631158177678
2023-08-11,1.173723395536904,1.1752770092572369,-0.0013219127985110157
2023-08-14,1.17434051352299,1.1752770092572369,-0.0007968297915047495
2023-08-15,1.1737907054188845,1.1752770092572369,-0.0012646412944737895
2023-08-16,1.1737661003397548,1.1752770092572369,-0.0012855768517389121
2023-08-17,1.175783531374024,1.175783531374024,0.0
2023-08-18,1.1762398394561513,1.1762398394561513,0.0
2023-08-21,1.176163636030005,1.1762398394561513,-6.478561904654789e-05
2023-08-22,1.176128131563913,1.1762398394561513,-9.497033554828338e-05
2023-08-23,1.177150552049849,1.177150552049849,0.0
2023-08-24,1.1758278042571608,1.177150552049849,-0.001123686167741944
2023-08-25,1.174043718345005,1.177150552049849,-0.0026392832245917264
2023-08-28,1.1730306601646325,1.177150552049849,-0.003499885276392445
2023-08-29,1.1746749433092651,1.177150552049849,-0.002103051930165578
2023-08-30,1.1790799845148114,1.1790799845148114,0.0
2023-08-31,1.1813679011534368,1.1813679011534368,0.0
2023-09-01,1.1817798642688795,1.1817798642688795,0.0
2023-09-04,1.1789132297675702,1.1817798642688795,-0.0024256924559150628
2023-09-05,1.181349518534159,1.1817798642688795,-0.0003641505052947025
2023-09-06,1.1833533335542092,1.1833533335542092,0.0
2023-09-07,1.1862891858214872,1.1862891858214872,0.0
2023-09-08,1.188081496419458,1.188081496419458,0.0
2023-09-11,1.1878791936182316,1.188081496419458,-0.00017027687228199362
2023-09-12,1.187556579582732,1.188081496419458,-0.0004418188805295209
2023-09-13,1.1887050152295462,1.1887050152295462,0.0
2023-09-14,1.190288090948469,1.190288090948469,0.0
2023-09-15,1.1898337297649444,1.190288090948469,-0.0003817237078819202
2023-09-18,1.1924237422275614,1.1924237422275614,0.0
2023-09-19,1.1954904857079638,1.1954904857079638,0.0
2023-09-20,1.197510909005788,1.197510909005788,0.0
2023-09-21,1.197492789289275,1.197510909005788,-1.5131149433966762e-05
2023-09-22,1.1950844298089789,1.197510909005788,-0.0020262689705463632
2023-09-25,1.1941236265119022,1.197510909005788,-0.0028286026193264924
2023-09-26,1.1943569265047889,1.197510909005788,-0.002633781853075279
2023-09-27,1.193832299203744,1.197510909005788,-0.003071879992390336
2023-09-28,1.1924987569171048,1.197510909005788,-0.004185475097545854
2023-10-09,1.1912234588567834,1.197510909005788,-0.005250432460965793
2023-10-10,1.1902049973796391,1.197510909005788,-0.006100914464499119
2023-10-11,1.188958124107412,1.197510909005788,-0.007142135269128214
2023-10-12,1.1883472937593782,1.197510909005788,-0.007652218595668336
2023-10-13,1.1874583175635343,1.197510909005788,-0.008394571913002302
2023-10-16,1.1887590523729534,1.197510909005788,-0.007308373198955387
2023-10-17,1.1895495737401165,1.197510909005788,-0.006648236108580674
2023-10-18,1.1871743234968013,1.197510909005788,-0.008631725549430258
2023-10-19,1.1892701136766157,1.197510909005788,-0.00688160355550671
2023-10-20,1.1885624946008155,1.197510909005788,-0.0074725118056767625
2023-10-23,1.1884446281486385,1.197510909005788,-0.00757093800897124
2023-10-24,1.1895491981411515,1.197510909005788,-0.006648549758303757
2023-10-25,1.1906521093906666,1.197510909005788,-0.005727546666623562
2023-10-26,1.193361216102858,1.197510909005788,-0.0034652652194837597
2023-10-27,1.1922700424915063,1.197510909005788,-0.004376466614932961
2023-10-30,1.1891016720097052,1.197510909005788,-0.007022263373838045
2023-10-31,1.1914115220031092,1.197510909005788,-0.005093387422869355
2023-11-01,1.1956929281857718,1.197510909005788,-0.0015181329926469145
2023-11-02,1.198553843357121,1.198553843357121,0.0
2023-11-03,1.1935189238781676,1.198553843357121,-0.004200828779498678
2023-11-06,1.1856473442602828,1.198553843357121,-0.010768393233538287
2023-11-07,1.183116440379844,1.198553843357121,-0.012880024592000994
2023-11-08,1.18024045659622,1.198553843357121,-0.015279569509873414
2023-11-09,1.1823167021470422,1.198553843357121,-0.013547277245884004
2023-11-10,1.184881078389919,1.198553843357121,-0.01140771859602474
2023-11-13,1.1841588693274685,1.198553843357121,-0.01201028565336082
2023-11-14,1.1803783001445927,1.198553843357121,-0.015164561286307388
2023-11-15,1.178682416935405,1.198553843357121,-0.01657950248280582
2023-11-16,1.1817180341210416,1.198553843357121,-0.014046769220582234
2023-11-17,1.1837399960973265,1.198553843357121,-0.012359767850146253
2023-11-20,1.183631127877246,1.198553843357121,-0.012450600832480618
2023-11-21,1.1847858660749337,1.198553843357121,-0.011487157926608815
2023-11-22,1.189781092174548,1.198553843357121,-0.007319446874410551
2023-11-23,1.1908811023040604,1.198553843357121,-0.006401665720389693
2023-11-24,1.195825455144518,1.198553843357121,-0.002276400203232276
2023-11-27,1.1964982526721937,1.198553843357121,-0.0017150591075405508
2023-11-28,1.197761998382973,1.198553843357121,-0.0006606670017678118
2023-11-29,1.1990774867120255,1.1990774867120255,0.0
2023-11-30,1.1996670340487505,1.1996670340487505,0.0
2023-12-01,1.1987203792803334,1.1996670340487505,-0.0007890979259655984
2023-12-04,1.198704002611167,1.1996670340487505,-0.0008027489380393327
2023-12-05,1.2013513527680841,1.2013513527680841,0.0
2023-12-06,1.2032217946399122,1.2032217946399122,0.0
2023-12-07,1.2047781663736368,1.2047781663736368,0.0
2023-12-08,1.201560372381417,1.2047781663736368,-0.002670860148391685
2023-12-11,1.2020180869885058,1.2047781663736368,-0.0022909440610455745
2023-12-12,1.2036639263711664,1.2047781663736368,-0.0009248507597247047
2023-12-13,1.2062677187454376,1.2062677187454376,0.0
2023-12-14,1.2083699504119167,1.2083699504119167,0.0
2023-12-15,1.2105047071190822,1.2105047071190822,0.0
2023-12-18,1.2106017667102844,1.2106017667102844,0.0
2023-12-19,1.209244415495334,1.2106017667102844,-0.0011212202495284318
2023-12-20,1.211499715576808,1.211499715576808,0.0
2023-12-21,1.211018031428337,1.211499715576808,-0.00039759328234068025
2023-12-22,1.2151205323141785,1.2151205323141785,0.0
2023-12-25,1.214417175429799,1.2151205323141785,-0.0005788371323459662
2023-12-26,1.2165560103446023,1.2165560103446023,0.0
2023-12-27,1.2165280894915538,1.2165560103446023,-2.2950733719717675e-05
2023-12-28,1.21652012742585,1.2165560103446023,-2.9495492560371872e-05
2023-12-29,1.2128540499668352,1.2165560103446023,-0.0030429839204184628
2024-01-02,1.2139737219887774,1.2165560103446023,-0.002122621838918426
2024-01-03,1.2142361115428466,1.2165560103446023,-0.0019069395753497087
2024-01-04,1.2164298195567915,1.2165560103446023,-0.00010372788982804249
2024-01-05,1.2200283802115393,1.2200283802115393,0.0
2024-01-08,1.2177794694710853,1.2200283802115393,-0.0018433265790620545
2024-01-09,1.2165091577027556,1.2200283802115393,-0.0028845415122010776
2024-01-10,1.2193275786521742,1.2200283802115393,-0.0005744141453852825
2024-01-11,1.2165950128156329,1.2200283802115393,-0.002814170105871705
2024-01-12,1.2193291825482975,1.2200283802115393,-0.0005730995070135636
2024-01-15,1.219434224221436,1.2200283802115393,-0.0004870017777784952
2024-01-16,1.2191516940875946,1.2200283802115393,-0.00071857846765222
2024-01-17,1.2214465625413202,1.2214465625413202,0.0
2024-01-18,1.2156493081503847,1.2214465625413202,-0.004746220234861376
2024-01-19,1.219233413541264,1.2214465625413202,-0.0018119081652263613
2024-01-22,1.221993337086158,1.221993337086158,0.0
2024-01-23,1.226744602153406,1.226744602153406,0.0
2024-01-24,1.227268263082015,1.227268263082015,0.0
2024-01-25,1.2271164179697938,1.227268263082015,-0.00012372609704747184
2024-01-26,1.2267990872556798,1.227268263082015,-0.0003822928046367524
2024-01-29,1.238703079129388,1.238703079129388,0.0
2024-01-30,1.2433546924628534,1.2433546924628534,0.0
2024-01-31,1.2509834833056244,1.2509834833056244,0.0
2024-02-01,1.253424297890764,1.253424297890764,0.0
2024-02-02,1.2581176701719246,1.2581176701719246,0.0
2024-02-05,1.279651108819566,1.279651108819566,0.0
2024-02-06,1.3101940742076073,1.3101940742076073,0.0
2024-02-07,1.3336411189829718,1.3336411189829718,0.0
2024-02-08,1.3254617914576046,1.3336411189829718,-0.006133079888542059
2024-02-19,1.3074584507024216,1.3336411189829718,-0.01963246926618234
2024-02-20,1.3022467411285619,1.3336411189829718,-0.02354034935451832
2024-02-21,1.2958020662791332,1.3336411189829718,-0.028372739986222473
2024-02-22,1.2870259320646231,1.3336411189829718,-0.034953321590666886
2024-02-23,1.278402326574467,1.3336411189829718,-0.0414195330529622
2024-02-26,1.2753005933971078,1.3336411189829718,-0.04374529605862343
2024-02-27,1.2714353515780987,1.3336411189829718,-0.04664355839021439
2024-02-28,1.2825820493119537,1.3336411189829718,-0.03828546446584924
2024-02-29,1.2818546475281232,1.3336411189829718,-0.03883088989813144
2024-03-01,1.2818851475479667,1.3336411189829718,-0.038808020162481194
2024-03-04,1.27845922577111,1.3336411189829718,-0.041376868504131914
2024-03-05,1.2808663128366484,1.3336411189829718,-0.03957196984640754
2024-03-06,1.2813631312613507,1.3336411189829718,-0.03919944202191972
2024-03-07,1.2829142843442112,1.3336411189829718,-0.038036345698042595
2024-03-08,1.2818171023026823,1.3336411189829718,-0.03885904231852888
2024-03-11,1.277042291372369,1.3336411189829718,-0.04243932404676065
2024-03-12,1.2710897081896855,1.3336411189829718,-0.04690273110429266
2024-03-13,1.2716867012872883,1.3336411189829718,-0.04645508961431066
2024-03-14,1.2710708840889708,1.3336411189829718,-0.04691684592157497
2024-03-15,1.2699168949228008,1.3336411189829718,-0.04778213805282694
2024-03-18,1.2678524537019003,1.3336411189829718,-0.049330111635461305
2024-03-19,1.2694505632328288,1.3336411189829718,-0.04813180610319989
2024-03-20,1.2671810760847588,1.3336411189829718,-0.04983352863992008
2024-03-21,1.2664166521716727,1.3336411189829718,-0.05040671426100307
2024-03-22,1.2685082410221793,1.3336411189829718,-0.04883838465513313
2024-03-25,1.2742707499606036,1.3336411189829718,-0.04451750038094482
2024-03-26,1.2745929424748375,1.3336411189829718,-0.04427591176340162
2024-03-27,1.2754046288512673,1.3336411189829718,-0.04366728747544568
2024-03-28,1.2719063475602295,1.3336411189829718,-0.04629039292806214
2024-03-29,1.275714487474367,1.3336411189829718,-0.04343494714138629
2024-04-01,1.2718823925993774,1.3336411189829718,-0.046308355002349755
2024-04-02,1.2742181287247676,1.3336411189829718,-0.044556957199639924
2024-04-03,1.2767783324529922,1.3336411189829718,-0.0426372475477832
2024-04-08,1.2827720135367513,1.3336411189829718,-0.03814302417805848
2024-04-09,1.2815098983064988,1.3336411189829718,-0.039089392141889
2024-04-10,1.2853941142854817,1.3336411189829718,-0.03617690247454508
2024-04-11,1.2895112659684775,1.3336411189829718,-0.03308975134790948
2024-04-12,1.293520068471975,1.3336411189829718,-0.03008384335179537
2024-04-15,1.3050082350886323,1.3336411189829718,-0.021469706869997274
2024-04-16,1.3186420214300858,1.3336411189829718,-0.01124672697878737
2024-04-17,1.3090907760000106,1.3336411189829718,-0.018408507831314647
2024-04-18,1.312172750120746,1.3336411189829718,-0.016097560698036473
2024-04-19,1.3145417940440571,1.3336411189829718,-0.014321187812115221
2024-04-22,1.3156041287486209,1.3336411189829718,-0.013524620662645592
2024-04-23,1.3093483737804228,1.3336411189829718,-0.018215354083469304
2024-04-24,1.3077924689340807,1.3336411189829718,-0.01938201340747736
2024-04-25,1.3105773685382145,1.3336411189829718,-0.017293820741179244
2024-04-26,1.3059759901501635,1.3336411189829718,-0.02074405808206148
2024-04-29,1.3070267819386585,1.3336411189829718,-0.01995614612168617
2024-04-30,1.3092045481503027,1.3336411189829718,-0.018323198411356878
2024-05-06,1.3083791107036524,1.3336411189829718,-0.01894213362181274
2024-05-07,1.3063937612143912,1.3336411189829718,-0.020430802095663725
2024-05-08,1.305752378384802,1.3336411189829718,-0.02091172820124021
2024-05-09,1.304811051763375,1.3336411189829718,-0.02161756023358241
2024-05-10,1.3031643460158737,1.3336411189829718,-0.022852304516779998
2024-05-13,1.3024569003841242,1.3336411189829718,-0.023382766289201218
2024-05-14,1.3021758826752716,1.3336411189829718,-0.02359348092963376
2024-05-15,1.3038918005349294,1.3336411189829718,-0.022306839542206913
2024-05-16,1.3024042324456793,1.3336411189829718,-0.023422258126769235
2024-05-17,1.302822728813155,1.3336411189829718,-0.02310845828847763
2024-05-20,1.3011350795027037,1.3336411189829718,-0.024373903156988064
2024-05-21,1.2997658415146647,1.3336411189829718,-0.025400594647336794
2024-05-22,1.2963441913007165,1.3336411189829718,-0.027966240056168656
2024-05-23,1.296626531243795,1.3336411189829718,-0.027754533968931572
2024-05-24,1.2982953961539914,1.3336411189829718,-0.026503174149230535
2024-05-27,1.2992119383189236,1.3336411189829718,-0.025815926169330927
2024-05-28,1.30237675778674,1.3336411189829718,-0.02344285936539947
2024-05-29,1.3010407581033296,1.3336411189829718,-0.0244446278804773
2024-05-30,1.3038248156168895,1.3336411189829718,-0.02235706663635273
2024-05-31,1.3045784497142296,1.3336411189829718,-0.02179197150947565
2024-06-03,1.3037222711713365,1.3336411189829718,-0.02243395722115349
2024-06-04,1.3007668307097937,1.3336411189829718,-0.024650026011681314
2024-06-05,1.3012523522083128,1.3336411189829718,-0.02428596892645185
2024-06-06,1.3013016831076925,1.3336411189829718,-0.024248979290576456
2024-06-07,1.3057917887696149,1.3336411189829718,-0.02088217723415331
2024-06-11,1.3044542352478161,1.3336411189829718,-0.021885110859069412
2024-06-12,1.302525820379682,1.3336411189829718,-0.023331088221858587
2024-06-13,1.3085320861386875,1.3336411189829718,-0.018827428523973677
2024-06-14,1.3030921864653715,1.3336411189829718,-0.022906411689598172
2024-06-17,1.3049647562090037,1.3336411189829718,-0.02150230850398238
2024-06-18,1.3022350789827237,1.3336411189829718,-0.023549093945302246
2024-06-19,1.3011312151886185,1.3336411189829718,-0.02437680072367976
2024-06-20,1.309283751407205,1.3336411189829718,-0.018263809677930065
2024-06-21,1.3064839103410844,1.3336411189829718,-0.02036320585450857
2024-06-24,1.3053571543401064,1.3336411189829718,-0.021208077825640714
2024-06-25,1.3033751399332218,1.3336411189829718,-0.02269424556497679
2024-06-26,1.3073130561950557,1.3336411189829718,-0.019741489980448224
2024-06-27,1.3055245485192188,1.3336411189829718,-0.021082561165476466
2024-06-28,1.3030333387184083,1.3336411189829718,-0.02295053731389507
2024-07-01,1.3010506720245683,1.3336411189829718,-0.024437194155543795
2024-07-02,1.3030166188084102,1.3336411189829718,-0.02296307435235323
2024-07-03,1.3083684682290033,1.3336411189829718,-0.018950113635699317
2024-07-04,1.3050297134623685,1.3336411189829718,-0.021453601807375433
2024-07-05,1.3073839750325238,1.3336411189829718,-0.01968831312765129
2024-07-08,1.3038139335726997,1.3336411189829718,-0.022365226285927742
2024-07-09,1.3022363710684968,1.3336411189829718,-0.0235481251046189
2024-07-10,1.3042948732935662,1.3336411189829718,-0.022004604740880285
2024-07-11,1.3039778233246369,1.3336411189829718,-0.022242337339565488
2024-07-12,1.3069731054531504,1.3336411189829718,-0.01999639419498278
2024-07-15,1.3049266111662203,1.3336411189829718,-0.021530910683564497
2024-07-16,1.3059204629029644,1.3336411189829718,-0.020785693906278935
2024-07-17,1.3100941609651902,1.3336411189829718,-0.017656142782803808
2024-07-18,1.3137310440576304,1.3336411189829718,-0.014929109969648136
2024-07-19,1.3162345980042254,1.3336411189829718,-0.013051877848532789
2024-07-22,1.3159985843813824,1.3336411189829718,-0.013228847214191708
2024-07-23,1.3148956917073606,1.3336411189829718,-0.014055825820597279
2024-07-24,1.3130765685199373,1.3336411189829718,-0.01541985334009266
2024-07-25,1.3128927846039367,1.3336411189829718,-0.015557659466032159
2024-07-26,1.3134504813659444,1.3336411189829718,-0.015139483425964384
2024-07-29,1.312053031469561,1.3336411189829718,-0.016187328964387127
2024-07-30,1.3133874355315305,1.3336411189829718,-0.015186756889204678
2024-07-31,1.3167284911478088,1.3336411189829718,-0.012681543478548774
2024-08-01,1.3169797360897193,1.3336411189829718,-0.012493153259970247
2024-08-02,1.3152297179130035,1.3336411189829718,-0.013805363982784757
2024-08-05,1.3107387625497984,1.3336411189829718,-0.017172803168095663
2024-08-06,1.3112209439526734,1.3336411189829718,-0.01681125057646382
2024-08-07,1.3139887523445697,1.3336411189829718,-0.01473587336103499
2024-08-08,1.3115401253260162,1.3336411189829718,-0.01657191979339223
2024-08-09,1.3106495144668349,1.3336411189829718,-0.017239723782414673
2024-08-12,1.311132405272121,1.3336411189829718,-0.016877639261764665
2024-08-13,1.3113496771285345,1.3336411189829718,-0.016714722976925556
2024-08-14,1.3106372426403556,1.3336411189829718,-0.01724892552815016
2024-08-15,1.3079577781422391,1.3336411189829718,-0.01925806011464215
2024-08-16,1.3064977249735077,1.3336411189829718,-0.020352847271358554
2024-08-19,1.307953646048722,1.3336411189829718,-0.019261158469558115
2024-08-20,1.304699322925962,1.3336411189829718,-0.021701337522556763
2024-08-21,1.3048583860653253,1.3336411189829718,-0.02158206770018911
2024-08-22,1.3050515560600675,1.3336411189829718,-0.02143722363982492
2024-08-23,1.3055033503431848,1.3336411189829718,-0.02109845612832084
2024-08-26,1.3053823200104315,1.3336411189829718,-0.021189207928809406
2024-08-27,1.3060878003773964,1.3336411189829718,-0.02066021976481003
2024-08-28,1.3092152542616786,1.3336411189829718,-0.01831517068094013
2024-08-29,1.3093822758031108,1.3336411189829718,-0.018189933434536454
2024-08-30,1.3102403123841,1.3336411189829718,-0.017546554515893376
2024-09-02,1.3093609547332583,1.3336411189829718,-0.018205920546473076
2024-09-03,1.3109293505435629,1.3336411189829718,-0.017029895161547515
2024-09-04,1.312997332383441,1.3336411189829718,-0.015479266727523866
2024-09-05,1.3133179740892142,1.3336411189829718,-0.015238840947897514
2024-09-06,1.310982603885841,1.3336411189829718,-0.01698996437243183
2024-09-09,1.3120366629906692,1.3336411189829718,-0.016199602490344578
2024-09-10,1.3163645541677225,1.3336411189829718,-0.01295443321995371
2024-09-11,1.3188389127334055,1.3336411189829718,-0.011099092581109415
2024-09-12,1.316070255554065,1.3336411189829718,-0.013175106240205126
2024-09-13,1.3106507533411373,1.3336411189829718,-0.017238794841124006
2024-09-18,1.3110799392869634,1.3336411189829718,-0.01691697966932315
2024-09-19,1.3109809376990038,1.3336411189829718,-0.016991213724160348
2024-09-20,1.3088397135632908,1.3336411189829718,-0.018596761202589795
2024-09-23,1.3081578575848452,1.3336411189829718,-0.019108035164332682
2024-09-24,1.3067114328888036,1.3336411189829718,-0.020192603325476788
2024-09-25,1.3040837173345072,1.3336411189829718,-0.022162935161300967
2024-09-26,1.3014846450045556,1.3336411189829718,-0.02411178953670723
2024-09-27,1.297484953342824,1.3336411189829718,-0.027110865978487664
2024-09-30,1.2948010326239976,1.3336411189829718,-0.0291233419591872
2024-10-08,1.2937065011866473,1.3336411189829718,-0.02994405108533127
2024-10-09,1.2991363322630358,1.3336411189829718,-0.02587261762463433
2024-10-10,1.301227147395593,1.3336411189829718,-0.024304868173304017
2024-10-11,1.2982129800237485,1.3336411189829718,-0.02656497198154817
2024-10-14,1.2974497918350814,1.3336411189829718,-0.027137231023207864
2024-10-15,1.298510708910247,1.3336411189829718,-0.02634172685041014
2024-10-16,1.297357489633178,1.3336411189829718,-0.02720644169809594
2024-10-17,1.301601205262841,1.3336411189829718,-0.024024389518346845
2024-10-18,1.3027575532206284,1.3336411189829718,-0.02315732870166376
2024-10-21,1.3050960774282385,1.3336411189829718,-0.021403840319876744
2024-10-22,1.3046101837736126,1.3336411189829718,-0.02176817645776996
2024-10-23,1.3018486274784202,1.3336411189829718,-0.02383886568284299
2024-10-24,1.3027948703065317,1.3336411189829718,-0.023129347346431017
2024-10-25,1.3005152018357982,1.3336411189829718,-0.024838704112869037
2024-10-28,1.2952817815703292,1.3336411189829718,-0.02876286346201984
2024-10-29,1.2973937914620837,1.3336411189829718,-0.027179221609881177
2024-10-30,1.2957783571526056,1.3336411189829718,-0.028390517727317932
2024-10-31,1.2934995845824575,1.3336411189829718,-0.03009920272338784
2024-11-01,1.2971705242339142,1.3336411189829718,-0.027346633385801566
2024-11-04,1.3013641721456464,1.3336411189829718,-0.024202123328305625
2024-11-05,1.3013354258837952,1.3336411189829718,-0.024223678049018704
2024-11-06,1.2992322513173873,1.3336411189829718,-0.02580069493644921
2024-11-07,1.294999620256689,1.3336411189829718,-0.028974435608097204
2024-11-08,1.2988717454982022,1.3336411189829718,-0.02607101190107619
2024-11-11,1.312195429759223,1.3336411189829718,-0.016080554894785326
2024-11-12,1.3067685517953045,1.3336411189829718,-0.020149774032282464
2024-11-13,1.3097533583045946,1.3336411189829718,-0.017911685788897902
2024-11-14,1.3087811947180752,1.3336411189829718,-0.018640640207505443
2024-11-15,1.3090457645627336,1.3336411189829718,-0.018442258618266427
2024-11-18,1.307548873434555,1.3336411189829718,-0.01956466786830513
2024-11-19,1.3068372257089478,1.3336411189829718,-0.020098280483781483
2024-11-20,1.308210059238718,1.3336411189829718,-0.019068892959484773
2024-11-21,1.3090868145380563,1.3336411189829718,-0.018411478242092993
2024-11-22,1.3080539081615217,1.3336411189829718,-0.019185979239274453
2024-11-25,1.3084764041358041,1.3336411189829718,-0.01886918038816776
2024-11-26,1.3129575716923385,1.3336411189829718,-0.015509080363693695
2024-11-27,1.3120801429130184,1.3336411189829718,-0.01616700007449956
2024-11-28,1.3142140023510331,1.3336411189829718,-0.014566974844592129
2024-11-29,1.312034923635754,1.3336411189829718,-0.016200906705467033
2024-12-02,1.3109551812736338,1.3336411189829718,-0.01701052658502178
2024-12-03,1.3102605669609597,1.3336411189829718,-0.017531367089102634
2024-12-04,1.3126328208357105,1.3336411189829718,-0.01575258729521034
2024-12-05,1.312403775309659,1.3336411189829718,-0.01592433179437991
2024-12-06,1.3138927744437034,1.3336411189829718,-0.01480784017392045
2024-12-09,1.3153573403791572,1.3336411189829718,-0.013709669223274767
2024-12-10,1.3121291510555544,1.3336411189829718,-0.016130252450391125
2024-12-11,1.3111449466273728,1.3336411189829718,-0.016868235416102384
2024-12-12,1.3126830784511474,1.3336411189829718,-0.015714902782696827
2024-12-13,1.3149028616965104,1.3336411189829718,-0.014050449569784629
2024-12-16,1.3161811908573982,1.3336411189829718,-0.013091923964438368
2024-12-17,1.3204691169040061,1.3336411189829718,-0.00987672162433817
2024-12-18,1.3199285203493254,1.3336411189829718,-0.010282075468776464
2024-12-19,1.3180296153028594,1.3336411189829718,-0.011705925573153864
2024-12-20,1.3158960032402722,1.3336411189829718,-0.013305765314308715
2024-12-23,1.3227964172537408,1.3336411189829718,-0.008131649193226065
2024-12-24,1.3238626160998284,1.3336411189829718,-0.007332184606455794
2024-12-25,1.3274331874824774,1.3336411189829718,-0.004654874097784645
2024-12-26,1.3232259622583877,1.3336411189829718,-0.007809564789458934
2024-12-27,1.321259362867193,1.3336411189829718,-0.009284173935204643
2024-12-30,1.321731916560969,1.3336411189829718,-0.008929840458942073
2024-12-31,1.3267500174809541,1.3336411189829718,-0.005167133349392228
2025-01-02,1.3283366457187051,1.3336411189829718,-0.003977436799722955
2025-01-03,1.3335722505984715,1.3336411189829718,-5.163936798291413e-05
2025-01-06,1.3363065598601915,1.3363065598601915,0.0
2025-01-07,1.3336515532490993,1.3363065598601915,-0.001986824498841022
2025-01-08,1.3307237355418917,1.3363065598601915,-0.004177802074760373
2025-01-09,1.32595484195462,1.3363065598601915,-0.00774651432277218
2025-01-10,1.329999300266984,1.3363065598601915,-0.0047199196521697795
2025-01-13,1.3329519760176127,1.3363065598601915,-0.002510340024769242
2025-01-14,1.3309363371471017,1.3363065598601915,-0.004018705643150988
2025-01-15,1.3295032267219022,1.3363065598601915,-0.005091147003724261
2025-01-16,1.327533914569066,1.3363065598601915,-0.006564844890115107
2025-01-17,1.3307376752434141,1.3363065598601915,-0.004167370560060779
2025-01-20,1.3321231162975251,1.3363065598601915,-0.003130601681027523
2025-01-21,1.3318993856194707,1.3363065598601915,-0.0032980263459769787
2025-01-22,1.333846750241283,1.3363065598601915,-0.0018407524835962752
2025-01-23,1.3363695363180943,1.3363695363180943,0.0
2025-01-24,1.337065455514079,1.337065455514079,0.0
2025-01-27,1.339404167533678,1.339404167533678,0.0
2025-02-05,1.3358035589802648,1.339404167533678,-0.002688216626982154
2025-02-06,1.3328170548926392,1.339404167533678,-0.004917942470768932
2025-02-07,1.3305338210588131,1.339404167533678,-0.006622606297543854
2025-02-10,1.3289747665058462,1.339404167533678,-0.007786597414457863
2025-02-11,1.3280133688560647,1.339404167533678,-0.008504377508835037
2025-02-12,1.3294022735114432,1.339404167533678,-0.0074674204132513244
2025-02-13,1.3257470737214196,1.339404167533678,-0.010196394892070582
2025-02-14,1.331542842717488,1.339404167533678,-0.0058692700879567905
2025-02-17,1.328512439483238,1.339404167533678,-0.008131771062423798
2025-02-18,1.3273475610969374,1.339404167533678,-0.009001470003592082
2025-02-19,1.324721090636024,1.339404167533678,-0.010962394513592377
2025-02-20,1.3270974462199934,1.339404167533678,-0.009188205929167581
2025-02-21,1.3283771564507398,1.339404167533678,-0.008232773460189358
2025-02-24,1.3273401407166148,1.339404167533678,-0.009007010064241872
2025-02-25,1.3287683250268008,1.339404167533678,-0.007940726753494998
2025-02-26,1.3301357620506078,1.339404167533678,-0.0069197974052422895
2025-02-27,1.3327837965478546,1.339404167533678,-0.004942773172054493
2025-02-28,1.3382905529390547,1.339404167533678,-0.0008314253618263434
2025-03-03,1.3425737048799962,1.3425737048799962,0.0
2025-03-04,1.3468830189746637,1.3468830189746637,0.0
2025-03-05,1.3450882847122592,1.3468830189746637,-0.0013325093843493674
2025-03-06,1.3417135512363791,1.3468830189746637,-0.003838097047373812
2025-03-07,1.3445960901495135,1.3468830189746637,-0.0016979416867926034
2025-03-10,1.3425585622452811,1.3468830189746637,-0.003210714418743321
2025-03-11,1.3438106360845081,1.3468830189746637,-0.0022811059660508004
2025-03-12,1.3416541305271041,1.3468830189746637,-0.003882214248673299
2025-03-13,1.3478215822418145,1.3478215822418145,0.0
2025-03-14,1.343392674609202,1.3478215822418145,-0.0032859747098321623
2025-03-17,1.3424746556832705,1.3478215822418145,-0.003967087802267177
2025-03-18,1.342837614569397,1.3478215822418145,-0.0036977948254306447
2025-03-19,1.3450886100432515,1.3478215822418145,-0.002027695827527265
2025-03-20,1.3483619026420954,1.3483619026420954,0.0
2025-03-21,1.353827344470534,1.353827344470534,0.0
2025-03-24,1.3557321112581595,1.3557321112581595,0.0
2025-03-25,1.3637167996660442,1.3637167996660442,0.0
2025-03-26,1.3579565516774044,1.3637167996660442,-0.0042239327036599494
2025-03-27,1.3632317566304724,1.3637167996660442,-0.0003556772459579749
2025-03-28,1.3635632300322782,1.3637167996660442,-0.00011261108890325833
2025-03-31,1.3636727957171164,1.3637167996660442,-3.226765919328578e-05
2025-04-01,1.365618607675338,1.365618607675338,0.0
2025-04-02,1.3646572115566726,1.365618607675338,-0.0007040004531733146
2025-04-03,1.3681300852136964,1.3681300852136964,0.0
2025-04-07,1.3704160565950751,1.3704160565950751,0.0
2025-04-08,1.3896193411146418,1.3896193411146418,0.0
2025-04-09,1.3876115204925363,1.3896193411146418,-0.0014448709532892678
2025-04-10,1.383845920404715,1.3896193411146418,-0.004154677859690481
2025-04-11,1.387296623623354,1.3896193411146418,-0.001671477520904907
2025-04-14,1.3854012325125677,1.3896193411146418,-0.0030354417769478115
2025-04-15,1.385326458745655,1.3896193411146418,-0.0030892505896926714
2025-04-16,1.3873049696999868,1.3896193411146418,-0.0016654715044470692
2025-04-17,1.3847034130427243,1.3896193411146418,-0.0035376076933230083
2025-04-18,1.3863724985213521,1.3896193411146418,-0.0023364978431326122
2025-04-21,1.3803497879901205,1.3896193411146418,-0.006670570026095057
2025-04-22,1.3829725245458144,1.3896193411146418,-0.0047831923262494636
2025-04-23,1.3813320952529051,1.3896193411146418,-0.005963680568154217
2025-04-24,1.381516595320079,1.3896193411146418,-0.005830910347047635
2025-04-25,1.381164788683888,1.3896193411146418,-0.006084077977766333
2025-04-28,1.379946592809767,1.3896193411146418,-0.006960717959722751
2025-04-29,1.3788596256336085,1.3896193411146418,-0.007742922944928732
2025-04-30,1.376146199513434,1.3896193411146418,-0.009695562808157643
2025-05-06,1.3762059906840052,1.3896193411146418,-0.009652535794354655
2025-05-07,1.3743574404843562,1.3896193411146418,-0.010982792322136059
2025-05-08,1.377039706852962,1.3896193411146418,-0.009052575687086617
2025-05-09,1.3819110747001193,1.3896193411146418,-0.0055470344909992475
2025-05-12,1.3800094472658548,1.3896193411146418,-0.00691548653970131
2025-05-13,1.3786394345722117,1.3896193411146418,-0.007901377173998525
2025-05-14,1.3770151129947144,1.3896193411146418,-0.009070273957051733
2025-05-15,1.3817206482602957,1.3896193411146418,-0.005684069457474905
2025-05-16,1.3792368255792025,1.3896193411146418,-0.007471481741979313
2025-05-19,1.3822637661786568,1.3896193411146418,-0.0052932301086748845
2025-05-20,1.3802828001898277,1.3896193411146418,-0.0067187758896080085
2025-05-21,1.3834603588588732,1.3896193411146418,-0.004432136250225427
2025-05-22,1.3829474314668557,1.3896193411146418,-0.004801249846187683
2025-05-23,1.3861276044779518,1.3896193411146418,-0.002512728869971781
2025-05-26,1.3845588347763278,1.3896193411146418,-0.0036416493269695316
2025-05-27,1.3845859995101923,1.3896193411146418,-0.0036221009995529574
2025-05-28,1.3875826720814293,1.3896193411146418,-0.0014656308911035199
2025-05-29,1.387582410561341,1.3896193411146418,-0.0014658190865902698
2025-05-30,1.3912196392859921,1.3912196392859921,0.0
2025-06-03,1.3886883427846055,1.3912196392859921,-0.0018194801380791992
2025-06-04,1.3864690924589569,1.3912196392859921,-0.0034146634311986723
2025-06-05,1.3847342646560095,1.3912196392859921,-0.0046616468362329355
2025-06-06,1.3853230984027736,1.3912196392859921,-0.004238396811480305
2025-06-09,1.3802699104020206,1.3912196392859921,-0.007870596830843457
2025-06-10,1.3807611548178758,1.3912196392859921,-0.0075174934085058265
2025-06-11,1.3806777526856497,1.3912196392859921,-0.007577442340989893
2025-06-12,1.3804471036916834,1.3912196392859921,-0.00774323139934785
2025-06-13,1.3809940675529428,1.3912196392859921,-0.007350077187163073
2025-06-16,1.3755196482612282,1.3912196392859921,-0.011285055631346297
2025-06-17,1.3772408697244958,1.3912196392859921,-0.010047852378414213
2025-06-18,1.377780094580763,1.3912196392859921,-0.009660260914751473
2025-06-19,1.3828062638728134,1.3912196392859921,-0.006047481774694274
2025-06-20,1.3888430286557292,1.3912196392859921,-0.0017082928986559276
2025-06-23,1.3825027499365745,1.3912196392859921,-0.006265645699115696
2025-06-24,1.3813996716467694,1.3912196392859921,-0.007058531494180564
2025-06-25,1.3810157818011728,1.3912196392859921,-0.00733446912096225
2025-06-26,1.3807285022635798,1.3912196392859921,-0.0075409638608873175
2025-06-27,1.3806815984218181,1.3912196392859921,-0.007574678049817041
2025-06-30,1.379494558975334,1.3912196392859921,-0.008427914600656283
2025-07-01,1.380349614713755,1.3912196392859921,-0.007813305868666354
2025-07-02,1.3826900167263745,1.3912196392859921,-0.006131039498547652
2025-07-03,1.3788697735118836,1.3912196392859921,-0.008877006495140338
2025-07-04,1.3797547895188695,1.3912196392859921,-0.008240862508961277
2025-07-07,1.3773555834292504,1.3912196392859921,-0.009965396882879785
2025-07-08,1.374273644184423,1.3912196392859921,-0.012180675590711343
2025-07-09,1.3737041391437512,1.3912196392859921,-0.012590032262073558
2025-07-10,1.3761854928187114,1.3912196392859921,-0.010806450716147609
2025-07-11,1.3745501550138117,1.3912196392859921,-0.011981921331081558
2025-07-14,1.3741291102064863,1.3912196392859921,-0.012284565712626816
2025-07-15,1.3737676624853268,1.3912196392859921,-0.012544372080329547
2025-07-16,1.3762694756505527,1.3912196392859921,-0.01074608438040181
2025-07-17,1.3731581831334096,1.3912196392859921,-0.012982462037304243
2025-07-18,1.3730264614559142,1.3912196392859921,-0.013077142757569993
2025-07-21,1.3776134315476836,1.3912196392859921,-0.009780057263489739
2025-07-22,1.382353451982945,1.3912196392859921,-0.0063729601370474676
2025-07-23,1.381173771483807,1.3912196392859921,-0.007220907122430287
2025-07-24,1.3819922900223833,1.3912196392859921,-0.006632561101814538
2025-07-25,1.3795695115141038,1.3912196392859921,-0.008374039183250415
2025-07-28,1.3741491706028446,1.3912196392859921,-0.012270146424836592
2025-07-29,1.3707482383485754,1.3912196392859921,-0.014714715318368543
2025-07-30,1.374073512357622,1.3912196392859921,-0.012324529099639436
2025-07-31,1.3704283270944546,1.3912196392859921,-0.014944665532617196
2025-08-01,1.3727920890398684,1.3912196392859921,-0.013245608188496516
2025-08-04,1.3670110345486015,1.3912196392859921,-0.01740099410170426
2025-08-05,1.3638782757282153,1.3912196392859921,-0.01965280160349736
2025-08-06,1.3604983773279324,1.3912196392859921,-0.022082251493967253
2025-08-07,1.359698204053145,1.3912196392859921,-0.02265741105338681
2025-08-08,1.3628674277150101,1.3912196392859921,-0.020379392850961353
2025-08-11,1.3597840390565676,1.3912196392859921,-0.02259571338825983
2025-08-12,1.3615597129847337,1.3912196392859921,-0.021319370043166308
2025-08-13,1.3586864373138479,1.3912196392859921,-0.023384662675435708
2025-08-14,1.362402429051232,1.3912196392859921,-0.020713630990394805
2025-08-15,1.3578590561525592,1.3912196392859921,-0.023979379093982844
2025-08-18,1.3532830710810413,1.3912196392859921,-0.027268568624017386
2025-08-19,1.3497441379141302,1.3912196392859921,-0.029812331712876228
2025-08-20,1.35380538670026,1.3912196392859921,-0.026893131414486127
2025-08-21,1.3597254254020121,1.3912196392859921,-0.02263784451759432
2025-08-22,1.3559984888653596,1.3912196392859921,-0.025316743256089236
2025-08-25,1.3501840949602488,1.3912196392859921,-0.02949609333203762
2025-08-26,1.355706537468212,1.3912196392859921,-0.02552659609952479
2025-08-27,1.3574515294917584,1.3912196392859921,-0.02427230671611591
2025-08-28,1.3561019657455233,1.3912196392859921,-0.025242364719989197
2025-08-29,1.3541440593998604,1.3912196392859921,-0.026649695590237554
2025-09-01,1.3498840543359094,1.3912196392859921,-0.02971176066152803
2025-09-02,1.3549147350322142,1.3912196392859921,-0.02609573875222937
2025-09-03,1.3572136943361797,1.3912196392859921,-0.024443261142622408
2025-09-04,1.3646847599763048,1.3912196392859921,-0.019073105755828546
2025-09-05,1.3628073896163801,1.3912196392859921,-0.020422547861812745
2025-09-08,1.3642638228445347,1.3912196392859921,-0.019375672740856165
2025-09-09,1.3685300391188486,1.3912196392859921,-0.016309143090294742
2025-09-10,1.367177720856135,1.3912196392859921,-0.017281181023433456
2025-09-11,1.361688043495478,1.3912196392859921,-0.02122712687241146
2025-09-12,1.3601897704417152,1.3912196392859921,-0.0223040761990696
2025-09-15,1.3600089239369464,1.3912196392859921,-0.022434067538799174
2025-09-16,1.3585943694861764,1.3912196392859921,-0.023450840455759958
2025-09-17,1.3604724609791996,1.3912196392859921,-0.02210088000380206
2025-09-18,1.3606628094611573,1.3912196392859921,-0.021964058702130917
2025-09-19,1.3628968038983849,1.3912196392859921,-0.02035827743356411
2025-09-22,1.3635605056348419,1.3912196392859921,-0.019881212764754852
2025-09-23,1.3668009867692603,1.3912196392859921,-0.017551975135474684
2025-09-24,1.3662294059096456,1.3912196392859921,-0.017962823892546664
2025-09-25,1.367677230194781,1.3912196392859921,-0.0169221368261403
2025-09-26,1.3687718941498734,1.3912196392859921,-0.016135299202388653
2025-09-29,1.365087150327767,1.3912196392859921,-0.018783870080814058
2025-09-30,1.3631327583271389,1.3912196392859921,-0.020188674861769562
2025-10-09,1.3652190520740528,1.3912196392859921,-0.018689059928224894
2025-10-10,1.3700386931452277,1.3912196392859921,-0.01522473198526364
2025-10-13,1.3699136172780242,1.3912196392859921,-0.015314635738539972
2025-10-14,1.3756087082387423,1.3912196392859921,-0.01122103987495593
2025-10-15,1.3746465123052496,1.3912196392859921,-0.011912660310954393
2025-10-16,1.3770694569858943,1.3912196392859921,-0.010171062785858886
2025-10-17,1.3826710652943952,1.3912196392859921,-0.0061446616696586576
2025-10-20,1.381865914159696,1.3912196392859921,-0.006723399283736886
2025-10-21,1.381056113785469,1.3912196392859921,-0.007305478742191451
2025-10-22,1.3836512684735915,1.3912196392859921,-0.005440097737755334
2025-10-23,1.38772679522455,1.3912196392859921,-0.0025106345272948305
2025-10-24,1.379923548649363,1.3912196392859921,-0.008119559498474649
2025-10-27,1.3781119371343111,1.3912196392859921,-0.009421734556887218
2025-10-28,1.3795543104272712,1.3912196392859921,-0.008384965629659957
2025-10-29,1.3751483087316598,1.3912196392859921,-0.01155197216924031
2025-10-30,1.376228257335474,1.3912196392859921,-0.010775711848211134
2025-10-31,1.3740973509717387,1.3912196392859921,-0.012307394052488374
2025-11-03,1.3744939614451122,1.3912196392859921,-0.012022312917796318
2025-11-04,1.3816116221088954,1.3912196392859921,-0.006906182823890994
2025-11-05,1.3822303425471822,1.3912196392859921,-0.006461450431668347
2025-11-06,1.3794920321729482,1.3912196392859921,-0.008429730850452066
2025-11-07,1.3841364824527664,1.3912196392859921,-0.005091328955693086
2025-11-10,1.3864106548908623,1.3912196392859921,-0.0034566679906832265
2025-11-11,1.3887397310651202,1.3912196392859921,-0.0017825425625422886
2025-11-12,1.392798439429408,1.392798439429408,0.0
2025-11-13,1.3869514579262368,1.392798439429408,-0.004198009803605629
2025-11-14,1.390022455096519,1.392798439429408,-0.001993098394069248
2025-11-17,1.387101151898359,1.392798439429408,-0.004090532678499459
2025-11-18,1.3895427981387658,1.392798439429408,-0.0023374820063525314
2025-11-19,1.391042250597514,1.392798439429408,-0.0012609066625702825
2025-11-20,1.3962448181934342,1.3962448181934342,0.0
2025-11-21,1.4063111975339555,1.4063111975339555,0.0
2025-11-24,1.4049221355061043,1.4063111975339555,-0.0009877344575560665
2025-11-25,1.3973890127991286,1.4063111975339555,-0.006344388603655049
2025-11-26,1.3940716415988461,1.4063111975339555,-0.008703305467930633
2025-11-27,1.3942715011953801,1.4063111975339555,-0.00856118927282068
2025-11-28,1.3904296705528254,1.4063111975339555,-0.01129303884444588
2025-12-01,1.3917468289129478,1.4063111975339555,-0.010356433658885167
2025-12-02,1.3945322495278525,1.4063111975339555,-0.00837577630524311
2025-12-03,1.39779699610542,1.4063111975339555,-0.0060542797664312475
2025-12-04,1.399408067253288,1.4063111975339555,-0.004908679026926932
2025-12-05,1.3964278234403016,1.4063111975339555,-0.007027871292630605
2025-12-08,1.3889137727549772,1.4063111975339555,-0.01237096370240498
2025-12-09,1.3892425501481291,1.4063111975339555,-0.012137176619056445
2025-12-10,1.388904160360398,1.4063111975339555,-0.01237779888553947
2025-12-11,1.393979585985347,1.4063111975339555,-0.00876876438887264
2025-12-12,1.3917931803104202,1.4063111975339555,-0.01032347409946921
2025-12-15,1.3936352567270445,1.4063111975339555,-0.009013610095076396
2025-12-16,1.3999207171322618,1.4063111975339555,-0.004544143865809924
2025-12-17,1.3973067069898946,1.4063111975339555,-0.00640291463216025
2025-12-18,1.402452198579328,1.4063111975339555,-0.0027440576178263676
2025-12-19,1.4020930870705308,1.4063111975339555,-0.0029994146891679785
2025-12-22,1.3973862495582219,1.4063111975339555,-0.006346353489458112
2025-12-23,1.3988360215044837,1.4063111975339555,-0.0053154494130317476
2025-12-24,1.3972248433895245,1.4063111975339555,-0.006461126214712953
2025-12-25,1.3946058948587317,1.4063111975339555,-0.008323408571125457
2025-12-26,1.3893340835887462,1.4063111975339555,-0.012072089004894204
2025-12-29,1.3894997821157473,1.4063111975339555,-0.011954264068783638
2025-12-30,1.3911940406967678,1.4063111975339555,-0.010749510395491768
2025-12-31,1.3929123479252832,1.4063111975339555,-0.009527656205943535
