TRADE_DT,rank_ic
2010-01-04,
2010-01-05,
2010-01-06,
2010-01-07,
2010-01-08,
2010-01-11,
2010-01-12,
2010-01-13,
2010-01-14,
2010-01-15,
2010-01-18,
2010-01-19,
2010-01-20,
2010-01-21,
2010-01-22,
2010-01-25,
2010-01-26,
2010-01-27,
2010-01-28,
2010-01-29,
2010-02-01,
2010-02-02,
2010-02-03,
2010-02-04,
2010-02-05,
2010-02-08,
2010-02-09,
2010-02-10,
2010-02-11,
2010-02-12,
2010-02-22,
2010-02-23,
2010-02-24,
2010-02-25,
2010-02-26,
2010-03-01,
2010-03-02,
2010-03-03,
2010-03-04,
2010-03-05,
2010-03-08,
2010-03-09,
2010-03-10,
2010-03-11,
2010-03-12,
2010-03-15,
2010-03-16,
2010-03-17,
2010-03-18,
2010-03-19,
2010-03-22,
2010-03-23,
2010-03-24,
2010-03-25,
2010-03-26,
2010-03-29,
2010-03-30,
2010-03-31,
2010-04-01,
2010-04-02,
2010-04-06,
2010-04-07,
2010-04-08,
2010-04-09,
2010-04-12,
2010-04-13,
2010-04-14,
2010-04-15,
2010-04-16,
2010-04-19,
2010-04-20,
2010-04-21,
2010-04-22,
2010-04-23,
2010-04-26,
2010-04-27,
2010-04-28,
2010-04-29,
2010-04-30,
2010-05-04,
2010-05-05,
2010-05-06,
2010-05-07,
2010-05-10,
2010-05-11,
2010-05-12,
2010-05-13,
2010-05-14,
2010-05-17,
2010-05-18,
2010-05-19,
2010-05-20,
2010-05-21,
2010-05-24,
2010-05-25,
2010-05-26,
2010-05-27,
2010-05-28,
2010-05-31,
2010-06-01,
2010-06-02,
2010-06-03,
2010-06-04,
2010-06-07,
2010-06-08,
2010-06-09,
2010-06-10,
2010-06-11,
2010-06-17,
2010-06-18,
2010-06-21,
2010-06-22,
2010-06-23,
2010-06-24,
2010-06-25,
2010-06-28,
2010-06-29,
2010-06-30,
2010-07-01,
2010-07-02,
2010-07-05,
2010-07-06,
2010-07-07,
2010-07-08,
2010-07-09,
2010-07-12,
2010-07-13,
2010-07-14,
2010-07-15,
2010-07-16,
2010-07-19,
2010-07-20,
2010-07-21,
2010-07-22,
2010-07-23,
2010-07-26,
2010-07-27,
2010-07-28,
2010-07-29,
2010-07-30,
2010-08-02,
2010-08-03,
2010-08-04,
2010-08-05,
2010-08-06,
2010-08-09,
2010-08-10,
2010-08-11,
2010-08-12,
2010-08-13,
2010-08-16,
2010-08-17,
2010-08-18,
2010-08-19,
2010-08-20,
2010-08-23,
2010-08-24,
2010-08-25,
2010-08-26,
2010-08-27,
2010-08-30,
2010-08-31,
2010-09-01,
2010-09-02,
2010-09-03,
2010-09-06,
2010-09-07,
2010-09-08,
2010-09-09,
2010-09-10,
2010-09-13,
2010-09-14,
2010-09-15,
2010-09-16,
2010-09-17,
2010-09-20,
2010-09-21,
2010-09-27,
2010-09-28,
2010-09-29,
2010-09-30,
2010-10-08,
2010-10-11,
2010-10-12,
2010-10-13,
2010-10-14,
2010-10-15,
2010-10-18,
2010-10-19,
2010-10-20,
2010-10-21,
2010-10-22,
2010-10-25,
2010-10-26,
2010-10-27,
2010-10-28,
2010-10-29,
2010-11-01,
2010-11-02,
2010-11-03,
2010-11-04,
2010-11-05,
2010-11-08,
2010-11-09,
2010-11-10,
2010-11-11,
2010-11-12,
2010-11-15,
2010-11-16,
2010-11-17,
2010-11-18,
2010-11-19,
2010-11-22,
2010-11-23,
2010-11-24,
2010-11-25,
2010-11-26,
2010-11-29,
2010-11-30,
2010-12-01,
2010-12-02,
2010-12-03,
2010-12-06,
2010-12-07,
2010-12-08,
2010-12-09,
2010-12-10,
2010-12-13,
2010-12-14,
2010-12-15,
2010-12-16,
2010-12-17,
2010-12-20,
2010-12-21,
2010-12-22,
2010-12-23,
2010-12-24,
2010-12-27,
2010-12-28,
2010-12-29,
2010-12-30,
2010-12-31,
2011-01-04,
2011-01-05,
2011-01-06,
2011-01-07,
2011-01-10,
2011-01-11,
2011-01-12,
2011-01-13,
2011-01-14,
2011-01-17,
2011-01-18,
2011-01-19,
2011-01-20,
2011-01-21,
2011-01-24,
2011-01-25,
2011-01-26,
2011-01-27,
2011-01-28,
2011-01-31,
2011-02-01,
2011-02-09,
2011-02-10,
2011-02-11,
2011-02-14,
2011-02-15,
2011-02-16,
2011-02-17,
2011-02-18,
2011-02-21,
2011-02-22,
2011-02-23,
2011-02-24,
2011-02-25,
2011-02-28,
2011-03-01,
2011-03-02,
2011-03-03,
2011-03-04,
2011-03-07,
2011-03-08,
2011-03-09,
2011-03-10,
2011-03-11,
2011-03-14,
2011-03-15,
2011-03-16,
2011-03-17,
2011-03-18,
2011-03-21,
2011-03-22,
2011-03-23,
2011-03-24,
2011-03-25,
2011-03-28,
2011-03-29,
2011-03-30,
2011-03-31,
2011-04-01,
2011-04-06,
2011-04-07,
2011-04-08,
2011-04-11,
2011-04-12,
2011-04-13,
2011-04-14,
2011-04-15,
2011-04-18,
2011-04-19,
2011-04-20,
2011-04-21,
2011-04-22,
2011-04-25,
2011-04-26,
2011-04-27,
2011-04-28,
2011-04-29,
2011-05-03,
2011-05-04,
2011-05-05,
2011-05-06,
2011-05-09,
2011-05-10,
2011-05-11,
2011-05-12,
2011-05-13,
2011-05-16,
2011-05-17,
2011-05-18,
2011-05-19,
2011-05-20,
2011-05-23,
2011-05-24,
2011-05-25,
2011-05-26,
2011-05-27,
2011-05-30,
2011-05-31,
2011-06-01,
2011-06-02,
2011-06-03,
2011-06-07,
2011-06-08,
2011-06-09,
2011-06-10,
2011-06-13,
2011-06-14,
2011-06-15,
2011-06-16,
2011-06-17,
2011-06-20,
2011-06-21,
2011-06-22,
2011-06-23,
2011-06-24,
2011-06-27,
2011-06-28,
2011-06-29,
2011-06-30,
2011-07-01,
2011-07-04,
2011-07-05,
2011-07-06,
2011-07-07,
2011-07-08,
2011-07-11,
2011-07-12,
2011-07-13,
2011-07-14,
2011-07-15,
2011-07-18,
2011-07-19,
2011-07-20,
2011-07-21,
2011-07-22,
2011-07-25,
2011-07-26,
2011-07-27,
2011-07-28,
2011-07-29,
2011-08-01,
2011-08-02,
2011-08-03,
2011-08-04,
2011-08-05,
2011-08-08,
2011-08-09,
2011-08-10,
2011-08-11,
2011-08-12,
2011-08-15,
2011-08-16,
2011-08-17,
2011-08-18,
2011-08-19,
2011-08-22,
2011-08-23,
2011-08-24,
2011-08-25,
2011-08-26,
2011-08-29,
2011-08-30,
2011-08-31,
2011-09-01,
2011-09-02,
2011-09-05,
2011-09-06,
2011-09-07,
2011-09-08,
2011-09-09,
2011-09-13,
2011-09-14,
2011-09-15,
2011-09-16,
2011-09-19,
2011-09-20,
2011-09-21,
2011-09-22,
2011-09-23,
2011-09-26,
2011-09-27,
2011-09-28,
2011-09-29,
2011-09-30,
2011-10-10,
2011-10-11,
2011-10-12,
2011-10-13,
2011-10-14,
2011-10-17,
2011-10-18,
2011-10-19,
2011-10-20,
2011-10-21,
2011-10-24,
2011-10-25,
2011-10-26,
2011-10-27,
2011-10-28,
2011-10-31,
2011-11-01,
2011-11-02,
2011-11-03,
2011-11-04,
2011-11-07,
2011-11-08,
2011-11-09,
2011-11-10,
2011-11-11,
2011-11-14,
2011-11-15,
2011-11-16,
2011-11-17,
2011-11-18,
2011-11-21,
2011-11-22,
2011-11-23,
2011-11-24,
2011-11-25,
2011-11-28,
2011-11-29,
2011-11-30,
2011-12-01,
2011-12-02,
2011-12-05,
2011-12-06,
2011-12-07,
2011-12-08,
2011-12-09,
2011-12-12,
2011-12-13,
2011-12-14,
2011-12-15,
2011-12-16,
2011-12-19,
2011-12-20,
2011-12-21,
2011-12-22,
2011-12-23,
2011-12-26,
2011-12-27,
2011-12-28,
2011-12-29,
2011-12-30,
2012-01-04,
2012-01-05,
2012-01-06,
2012-01-09,
2012-01-10,
2012-01-11,
2012-01-12,
2012-01-13,
2012-01-16,
2012-01-17,
2012-01-18,
2012-01-19,
2012-01-20,
2012-01-30,
2012-01-31,
2012-02-01,
2012-02-02,
2012-02-03,
2012-02-06,
2012-02-07,
2012-02-08,
2012-02-09,
2012-02-10,
2012-02-13,
2012-02-14,
2012-02-15,
2012-02-16,
2012-02-17,
2012-02-20,
2012-02-21,
2012-02-22,
2012-02-23,
2012-02-24,
2012-02-27,
2012-02-28,
2012-02-29,
2012-03-01,
2012-03-02,
2012-03-05,
2012-03-06,
2012-03-07,
2012-03-08,
2012-03-09,
2012-03-12,
2012-03-13,
2012-03-14,
2012-03-15,
2012-03-16,
2012-03-19,
2012-03-20,
2012-03-21,
2012-03-22,
2012-03-23,
2012-03-26,
2012-03-27,
2012-03-28,
2012-03-29,
2012-03-30,
2012-04-05,
2012-04-06,
2012-04-09,
2012-04-10,
2012-04-11,
2012-04-12,
2012-04-13,
2012-04-16,
2012-04-17,
2012-04-18,
2012-04-19,
2012-04-20,
2012-04-23,
2012-04-24,
2012-04-25,
2012-04-26,
2012-04-27,
2012-05-02,
2012-05-03,
2012-05-04,
2012-05-07,
2012-05-08,
2012-05-09,
2012-05-10,
2012-05-11,
2012-05-14,
2012-05-15,
2012-05-16,
2012-05-17,
2012-05-18,
2012-05-21,
2012-05-22,
2012-05-23,
2012-05-24,
2012-05-25,
2012-05-28,
2012-05-29,
2012-05-30,
2012-05-31,
2012-06-01,
2012-06-04,
2012-06-05,
2012-06-06,
2012-06-07,
2012-06-08,
2012-06-11,
2012-06-12,
2012-06-13,
2012-06-14,
2012-06-15,
2012-06-18,
2012-06-19,
2012-06-20,
2012-06-21,
2012-06-25,
2012-06-26,
2012-06-27,
2012-06-28,
2012-06-29,
2012-07-02,
2012-07-03,
2012-07-04,
2012-07-05,
2012-07-06,
2012-07-09,
2012-07-10,
2012-07-11,
2012-07-12,
2012-07-13,
2012-07-16,
2012-07-17,
2012-07-18,
2012-07-19,
2012-07-20,
2012-07-23,
2012-07-24,
2012-07-25,
2012-07-26,
2012-07-27,
2012-07-30,
2012-07-31,
2012-08-01,
2012-08-02,
2012-08-03,
2012-08-06,
2012-08-07,
2012-08-08,
2012-08-09,
2012-08-10,
2012-08-13,
2012-08-14,
2012-08-15,
2012-08-16,
2012-08-17,
2012-08-20,
2012-08-21,
2012-08-22,
2012-08-23,
2012-08-24,
2012-08-27,
2012-08-28,
2012-08-29,
2012-08-30,
2012-08-31,
2012-09-03,
2012-09-04,
2012-09-05,
2012-09-06,
2012-09-07,
2012-09-10,
2012-09-11,
2012-09-12,
2012-09-13,
2012-09-14,
2012-09-17,
2012-09-18,
2012-09-19,
2012-09-20,
2012-09-21,
2012-09-24,
2012-09-25,
2012-09-26,
2012-09-27,
2012-09-28,
2012-10-08,
2012-10-09,
2012-10-10,
2012-10-11,
2012-10-12,
2012-10-15,
2012-10-16,
2012-10-17,
2012-10-18,
2012-10-19,
2012-10-22,
2012-10-23,
2012-10-24,
2012-10-25,
2012-10-26,
2012-10-29,
2012-10-30,
2012-10-31,
2012-11-01,
2012-11-02,
2012-11-05,
2012-11-06,
2012-11-07,
2012-11-08,
2012-11-09,
2012-11-12,
2012-11-13,
2012-11-14,
2012-11-15,
2012-11-16,
2012-11-19,
2012-11-20,
2012-11-21,
2012-11-22,
2012-11-23,
2012-11-26,
2012-11-27,
2012-11-28,
2012-11-29,
2012-11-30,
2012-12-03,
2012-12-04,
2012-12-05,
2012-12-06,
2012-12-07,
2012-12-10,
2012-12-11,
2012-12-12,
2012-12-13,
2012-12-14,
2012-12-17,
2012-12-18,
2012-12-19,
2012-12-20,
2012-12-21,
2012-12-24,
2012-12-25,
2012-12-26,
2012-12-27,
2012-12-28,
2012-12-31,
2013-01-04,
2013-01-07,
2013-01-08,
2013-01-09,
2013-01-10,
2013-01-11,
2013-01-14,
2013-01-15,
2013-01-16,
2013-01-17,
2013-01-18,
2013-01-21,
2013-01-22,
2013-01-23,
2013-01-24,
2013-01-25,
2013-01-28,
2013-01-29,
2013-01-30,
2013-01-31,
2013-02-01,
2013-02-04,
2013-02-05,
2013-02-06,
2013-02-07,
2013-02-08,
2013-02-18,
2013-02-19,
2013-02-20,
2013-02-21,
2013-02-22,
2013-02-25,
2013-02-26,
2013-02-27,
2013-02-28,
2013-03-01,
2013-03-04,
2013-03-05,
2013-03-06,
2013-03-07,
2013-03-08,
2013-03-11,
2013-03-12,
2013-03-13,
2013-03-14,
2013-03-15,
2013-03-18,
2013-03-19,
2013-03-20,
2013-03-21,
2013-03-22,
2013-03-25,
2013-03-26,
2013-03-27,
2013-03-28,
2013-03-29,
2013-04-01,
2013-04-02,
2013-04-03,
2013-04-08,
2013-04-09,
2013-04-10,
2013-04-11,
2013-04-12,
2013-04-15,
2013-04-16,
2013-04-17,
2013-04-18,
2013-04-19,
2013-04-22,
2013-04-23,
2013-04-24,
2013-04-25,
2013-04-26,
2013-05-02,
2013-05-03,
2013-05-06,
2013-05-07,
2013-05-08,
2013-05-09,
2013-05-10,
2013-05-13,
2013-05-14,
2013-05-15,
2013-05-16,
2013-05-17,
2013-05-20,
2013-05-21,
2013-05-22,
2013-05-23,
2013-05-24,
2013-05-27,
2013-05-28,
2013-05-29,
2013-05-30,
2013-05-31,
2013-06-03,
2013-06-04,
2013-06-05,
2013-06-06,
2013-06-07,
2013-06-13,
2013-06-14,
2013-06-17,
2013-06-18,
2013-06-19,
2013-06-20,
2013-06-21,
2013-06-24,
2013-06-25,
2013-06-26,
2013-06-27,
2013-06-28,
2013-07-01,
2013-07-02,
2013-07-03,
2013-07-04,
2013-07-05,
2013-07-08,
2013-07-09,
2013-07-10,
2013-07-11,
2013-07-12,
2013-07-15,
2013-07-16,
2013-07-17,
2013-07-18,
2013-07-19,
2013-07-22,
2013-07-23,
2013-07-24,
2013-07-25,
2013-07-26,
2013-07-29,
2013-07-30,
2013-07-31,
2013-08-01,
2013-08-02,
2013-08-05,
2013-08-06,
2013-08-07,
2013-08-08,
2013-08-09,
2013-08-12,
2013-08-13,
2013-08-14,
2013-08-15,
2013-08-16,
2013-08-19,
2013-08-20,
2013-08-21,
2013-08-22,
2013-08-23,
2013-08-26,
2013-08-27,
2013-08-28,
2013-08-29,
2013-08-30,
2013-09-02,
2013-09-03,
2013-09-04,
2013-09-05,
2013-09-06,
2013-09-09,
2013-09-10,
2013-09-11,
2013-09-12,
2013-09-13,
2013-09-16,
2013-09-17,
2013-09-18,
2013-09-23,
2013-09-24,
2013-09-25,
2013-09-26,
2013-09-27,
2013-09-30,
2013-10-08,
2013-10-09,
2013-10-10,
2013-10-11,
2013-10-14,
2013-10-15,
2013-10-16,
2013-10-17,
2013-10-18,
2013-10-21,
2013-10-22,
2013-10-23,
2013-10-24,
2013-10-25,
2013-10-28,
2013-10-29,
2013-10-30,
2013-10-31,
2013-11-01,
2013-11-04,
2013-11-05,
2013-11-06,
2013-11-07,
2013-11-08,
2013-11-11,
2013-11-12,
2013-11-13,
2013-11-14,
2013-11-15,
2013-11-18,
2013-11-19,
2013-11-20,
2013-11-21,
2013-11-22,
2013-11-25,
2013-11-26,
2013-11-27,
2013-11-28,
2013-11-29,
2013-12-02,
2013-12-03,
2013-12-04,
2013-12-05,
2013-12-06,
2013-12-09,
2013-12-10,
2013-12-11,
2013-12-12,
2013-12-13,
2013-12-16,
2013-12-17,
2013-12-18,
2013-12-19,
2013-12-20,
2013-12-23,
2013-12-24,
2013-12-25,
2013-12-26,
2013-12-27,
2013-12-30,
2013-12-31,
2014-01-02,
2014-01-03,
2014-01-06,
2014-01-07,
2014-01-08,
2014-01-09,
2014-01-10,
2014-01-13,
2014-01-14,
2014-01-15,
2014-01-16,
2014-01-17,
2014-01-20,
2014-01-21,
2014-01-22,
2014-01-23,
2014-01-24,
2014-01-27,
2014-01-28,
2014-01-29,
2014-01-30,
2014-02-07,
2014-02-10,
2014-02-11,
2014-02-12,
2014-02-13,
2014-02-14,
2014-02-17,
2014-02-18,
2014-02-19,
2014-02-20,
2014-02-21,
2014-02-24,
2014-02-25,
2014-02-26,
2014-02-27,
2014-02-28,
2014-03-03,
2014-03-04,
2014-03-05,
2014-03-06,
2014-03-07,
2014-03-10,
2014-03-11,
2014-03-12,
2014-03-13,
2014-03-14,
2014-03-17,
2014-03-18,
2014-03-19,
2014-03-20,
2014-03-21,
2014-03-24,
2014-03-25,
2014-03-26,
2014-03-27,
2014-03-28,
2014-03-31,
2014-04-01,
2014-04-02,
2014-04-03,
2014-04-04,
2014-04-08,
2014-04-09,
2014-04-10,
2014-04-11,
2014-04-14,
2014-04-15,
2014-04-16,
2014-04-17,
2014-04-18,
2014-04-21,
2014-04-22,
2014-04-23,
2014-04-24,
2014-04-25,
2014-04-28,
2014-04-29,
2014-04-30,
2014-05-05,
2014-05-06,
2014-05-07,
2014-05-08,
2014-05-09,
2014-05-12,
2014-05-13,
2014-05-14,
2014-05-15,
2014-05-16,
2014-05-19,
2014-05-20,
2014-05-21,
2014-05-22,
2014-05-23,
2014-05-26,
2014-05-27,
2014-05-28,
2014-05-29,
2014-05-30,
2014-06-03,
2014-06-04,
2014-06-05,
2014-06-06,
2014-06-09,
2014-06-10,
2014-06-11,
2014-06-12,
2014-06-13,
2014-06-16,
2014-06-17,
2014-06-18,
2014-06-19,
2014-06-20,
2014-06-23,
2014-06-24,
2014-06-25,
2014-06-26,
2014-06-27,
2014-06-30,
2014-07-01,
2014-07-02,
2014-07-03,
2014-07-04,
2014-07-07,
2014-07-08,
2014-07-09,
2014-07-10,
2014-07-11,
2014-07-14,
2014-07-15,
2014-07-16,
2014-07-17,
2014-07-18,
2014-07-21,
2014-07-22,
2014-07-23,
2014-07-24,
2014-07-25,
2014-07-28,
2014-07-29,
2014-07-30,
2014-07-31,
2014-08-01,
2014-08-04,
2014-08-05,
2014-08-06,
2014-08-07,
2014-08-08,
2014-08-11,
2014-08-12,
2014-08-13,
2014-08-14,
2014-08-15,
2014-08-18,
2014-08-19,
2014-08-20,
2014-08-21,
2014-08-22,
2014-08-25,
2014-08-26,
2014-08-27,
2014-08-28,
2014-08-29,
2014-09-01,
2014-09-02,
2014-09-03,
2014-09-04,
2014-09-05,
2014-09-09,
2014-09-10,
2014-09-11,
2014-09-12,
2014-09-15,
2014-09-16,
2014-09-17,
2014-09-18,
2014-09-19,
2014-09-22,
2014-09-23,
2014-09-24,
2014-09-25,
2014-09-26,
2014-09-29,
2014-09-30,
2014-10-08,
2014-10-09,
2014-10-10,
2014-10-13,
2014-10-14,
2014-10-15,
2014-10-16,
2014-10-17,
2014-10-20,
2014-10-21,
2014-10-22,
2014-10-23,
2014-10-24,
2014-10-27,
2014-10-28,
2014-10-29,
2014-10-30,
2014-10-31,
2014-11-03,
2014-11-04,
2014-11-05,
2014-11-06,
2014-11-07,
2014-11-10,
2014-11-11,
2014-11-12,
2014-11-13,
2014-11-14,
2014-11-17,
2014-11-18,
2014-11-19,
2014-11-20,
2014-11-21,
2014-11-24,
2014-11-25,
2014-11-26,
2014-11-27,
2014-11-28,
2014-12-01,
2014-12-02,
2014-12-03,
2014-12-04,
2014-12-05,
2014-12-08,
2014-12-09,
2014-12-10,
2014-12-11,
2014-12-12,
2014-12-15,
2014-12-16,
2014-12-17,
2014-12-18,
2014-12-19,
2014-12-22,
2014-12-23,
2014-12-24,
2014-12-25,
2014-12-26,
2014-12-29,
2014-12-30,
2014-12-31,
2015-01-05,
2015-01-06,
2015-01-07,
2015-01-08,
2015-01-09,
2015-01-12,
2015-01-13,
2015-01-14,
2015-01-15,
2015-01-16,
2015-01-19,
2015-01-20,
2015-01-21,
2015-01-22,
2015-01-23,
2015-01-26,
2015-01-27,
2015-01-28,
2015-01-29,
2015-01-30,
2015-02-02,
2015-02-03,
2015-02-04,
2015-02-05,
2015-02-06,
2015-02-09,
2015-02-10,
2015-02-11,
2015-02-12,
2015-02-13,
2015-02-16,
2015-02-17,
2015-02-25,
2015-02-26,
2015-02-27,
2015-03-02,
2015-03-03,
2015-03-04,
2015-03-05,
2015-03-06,
2015-03-09,
2015-03-10,
2015-03-11,
2015-03-12,
2015-03-13,
2015-03-16,
2015-03-17,
2015-03-18,
2015-03-19,
2015-03-20,
2015-03-23,
2015-03-24,
2015-03-25,
2015-03-26,
2015-03-27,
2015-03-30,
2015-03-31,
2015-04-01,
2015-04-02,
2015-04-03,
2015-04-07,
2015-04-08,
2015-04-09,
2015-04-10,
2015-04-13,
2015-04-14,
2015-04-15,
2015-04-16,
2015-04-17,
2015-04-20,
2015-04-21,
2015-04-22,
2015-04-23,
2015-04-24,
2015-04-27,
2015-04-28,
2015-04-29,
2015-04-30,
2015-05-04,
2015-05-05,
2015-05-06,
2015-05-07,
2015-05-08,
2015-05-11,
2015-05-12,
2015-05-13,
2015-05-14,
2015-05-15,
2015-05-18,
2015-05-19,
2015-05-20,
2015-05-21,
2015-05-22,
2015-05-25,
2015-05-26,
2015-05-27,
2015-05-28,
2015-05-29,
2015-06-01,
2015-06-02,
2015-06-03,
2015-06-04,
2015-06-05,
2015-06-08,
2015-06-09,
2015-06-10,
2015-06-11,
2015-06-12,
2015-06-15,
2015-06-16,
2015-06-17,
2015-06-18,
2015-06-19,
2015-06-23,
2015-06-24,
2015-06-25,
2015-06-26,
2015-06-29,
2015-06-30,
2015-07-01,
2015-07-02,
2015-07-03,
2015-07-06,
2015-07-07,
2015-07-08,
2015-07-09,
2015-07-10,
2015-07-13,
2015-07-14,
2015-07-15,
2015-07-16,
2015-07-17,
2015-07-20,
2015-07-21,
2015-07-22,
2015-07-23,
2015-07-24,
2015-07-27,
2015-07-28,
2015-07-29,
2015-07-30,
2015-07-31,
2015-08-03,
2015-08-04,
2015-08-05,
2015-08-06,
2015-08-07,
2015-08-10,
2015-08-11,
2015-08-12,
2015-08-13,
2015-08-14,
2015-08-17,
2015-08-18,
2015-08-19,
2015-08-20,
2015-08-21,
2015-08-24,
2015-08-25,
2015-08-26,
2015-08-27,
2015-08-28,
2015-08-31,
2015-09-01,
2015-09-02,
2015-09-07,
2015-09-08,
2015-09-09,
2015-09-10,
2015-09-11,
2015-09-14,
2015-09-15,
2015-09-16,
2015-09-17,
2015-09-18,
2015-09-21,
2015-09-22,
2015-09-23,
2015-09-24,
2015-09-25,
2015-09-28,
2015-09-29,
2015-09-30,
2015-10-08,
2015-10-09,
2015-10-12,
2015-10-13,
2015-10-14,
2015-10-15,
2015-10-16,
2015-10-19,
2015-10-20,
2015-10-21,
2015-10-22,
2015-10-23,
2015-10-26,
2015-10-27,
2015-10-28,
2015-10-29,
2015-10-30,
2015-11-02,
2015-11-03,
2015-11-04,
2015-11-05,
2015-11-06,
2015-11-09,
2015-11-10,
2015-11-11,
2015-11-12,
2015-11-13,
2015-11-16,
2015-11-17,
2015-11-18,
2015-11-19,
2015-11-20,
2015-11-23,
2015-11-24,
2015-11-25,
2015-11-26,
2015-11-27,
2015-11-30,
2015-12-01,
2015-12-02,
2015-12-03,
2015-12-04,
2015-12-07,
2015-12-08,
2015-12-09,
2015-12-10,
2015-12-11,
2015-12-14,
2015-12-15,
2015-12-16,
2015-12-17,
2015-12-18,
2015-12-21,
2015-12-22,
2015-12-23,
2015-12-24,
2015-12-25,
2015-12-28,
2015-12-29,
2015-12-30,
2015-12-31,
2016-01-04,
2016-01-05,
2016-01-06,
2016-01-07,
2016-01-08,
2016-01-11,
2016-01-12,
2016-01-13,
2016-01-14,
2016-01-15,
2016-01-18,
2016-01-19,
2016-01-20,
2016-01-21,
2016-01-22,
2016-01-25,
2016-01-26,
2016-01-27,
2016-01-28,
2016-01-29,
2016-02-01,
2016-02-02,
2016-02-03,
2016-02-04,
2016-02-05,
2016-02-15,
2016-02-16,
2016-02-17,
2016-02-18,
2016-02-19,
2016-02-22,
2016-02-23,
2016-02-24,
2016-02-25,
2016-02-26,
2016-02-29,
2016-03-01,
2016-03-02,
2016-03-03,
2016-03-04,
2016-03-07,
2016-03-08,
2016-03-09,
2016-03-10,
2016-03-11,
2016-03-14,
2016-03-15,
2016-03-16,
2016-03-17,
2016-03-18,
2016-03-21,
2016-03-22,
2016-03-23,
2016-03-24,
2016-03-25,
2016-03-28,
2016-03-29,
2016-03-30,
2016-03-31,
2016-04-01,
2016-04-05,
2016-04-06,
2016-04-07,
2016-04-08,
2016-04-11,
2016-04-12,
2016-04-13,
2016-04-14,
2016-04-15,
2016-04-18,
2016-04-19,
2016-04-20,
2016-04-21,
2016-04-22,
2016-04-25,
2016-04-26,
2016-04-27,
2016-04-28,
2016-04-29,
2016-05-03,
2016-05-04,
2016-05-05,
2016-05-06,
2016-05-09,
2016-05-10,
2016-05-11,
2016-05-12,
2016-05-13,
2016-05-16,
2016-05-17,
2016-05-18,
2016-05-19,
2016-05-20,
2016-05-23,
2016-05-24,
2016-05-25,
2016-05-26,
2016-05-27,
2016-05-30,
2016-05-31,
2016-06-01,
2016-06-02,
2016-06-03,
2016-06-06,
2016-06-07,
2016-06-08,
2016-06-13,
2016-06-14,
2016-06-15,
2016-06-16,
2016-06-17,
2016-06-20,
2016-06-21,
2016-06-22,
2016-06-23,
2016-06-24,
2016-06-27,
2016-06-28,
2016-06-29,
2016-06-30,
2016-07-01,
2016-07-04,
2016-07-05,
2016-07-06,
2016-07-07,
2016-07-08,
2016-07-11,
2016-07-12,
2016-07-13,
2016-07-14,
2016-07-15,
2016-07-18,
2016-07-19,
2016-07-20,
2016-07-21,
2016-07-22,
2016-07-25,
2016-07-26,
2016-07-27,
2016-07-28,
2016-07-29,
2016-08-01,
2016-08-02,
2016-08-03,
2016-08-04,
2016-08-05,
2016-08-08,
2016-08-09,
2016-08-10,
2016-08-11,
2016-08-12,
2016-08-15,
2016-08-16,
2016-08-17,
2016-08-18,
2016-08-19,
2016-08-22,
2016-08-23,
2016-08-24,
2016-08-25,
2016-08-26,
2016-08-29,
2016-08-30,
2016-08-31,
2016-09-01,
2016-09-02,
2016-09-05,
2016-09-06,
2016-09-07,
2016-09-08,
2016-09-09,
2016-09-12,
2016-09-13,
2016-09-14,
2016-09-19,
2016-09-20,
2016-09-21,
2016-09-22,
2016-09-23,
2016-09-26,
2016-09-27,
2016-09-28,
2016-09-29,
2016-09-30,
2016-10-10,
2016-10-11,
2016-10-12,
2016-10-13,
2016-10-14,
2016-10-17,
2016-10-18,
2016-10-19,
2016-10-20,
2016-10-21,
2016-10-24,
2016-10-25,
2016-10-26,
2016-10-27,
2016-10-28,
2016-10-31,
2016-11-01,
2016-11-02,
2016-11-03,
2016-11-04,
2016-11-07,
2016-11-08,
2016-11-09,
2016-11-10,
2016-11-11,
2016-11-14,
2016-11-15,
2016-11-16,
2016-11-17,
2016-11-18,
2016-11-21,
2016-11-22,
2016-11-23,
2016-11-24,
2016-11-25,
2016-11-28,
2016-11-29,
2016-11-30,
2016-12-01,
2016-12-02,
2016-12-05,
2016-12-06,
2016-12-07,
2016-12-08,
2016-12-09,
2016-12-12,
2016-12-13,
2016-12-14,
2016-12-15,
2016-12-16,
2016-12-19,
2016-12-20,
2016-12-21,
2016-12-22,
2016-12-23,
2016-12-26,
2016-12-27,
2016-12-28,
2016-12-29,
2016-12-30,
2017-01-03,
2017-01-04,
2017-01-05,
2017-01-06,
2017-01-09,
2017-01-10,
2017-01-11,
2017-01-12,
2017-01-13,
2017-01-16,
2017-01-17,
2017-01-18,
2017-01-19,
2017-01-20,
2017-01-23,
2017-01-24,
2017-01-25,
2017-01-26,
2017-02-03,
2017-02-06,
2017-02-07,
2017-02-08,
2017-02-09,
2017-02-10,
2017-02-13,
2017-02-14,
2017-02-15,
2017-02-16,
2017-02-17,
2017-02-20,
2017-02-21,
2017-02-22,
2017-02-23,
2017-02-24,
2017-02-27,
2017-02-28,
2017-03-01,
2017-03-02,
2017-03-03,
2017-03-06,
2017-03-07,
2017-03-08,
2017-03-09,
2017-03-10,
2017-03-13,
2017-03-14,
2017-03-15,
2017-03-16,
2017-03-17,
2017-03-20,
2017-03-21,
2017-03-22,
2017-03-23,
2017-03-24,
2017-03-27,
2017-03-28,
2017-03-29,
2017-03-30,
2017-03-31,
2017-04-05,
2017-04-06,
2017-04-07,
2017-04-10,
2017-04-11,
2017-04-12,
2017-04-13,
2017-04-14,
2017-04-17,
2017-04-18,
2017-04-19,
2017-04-20,
2017-04-21,
2017-04-24,
2017-04-25,
2017-04-26,
2017-04-27,
2017-04-28,
2017-05-02,
2017-05-03,
2017-05-04,
2017-05-05,
2017-05-08,
2017-05-09,
2017-05-10,
2017-05-11,
2017-05-12,
2017-05-15,
2017-05-16,
2017-05-17,
2017-05-18,
2017-05-19,
2017-05-22,
2017-05-23,
2017-05-24,
2017-05-25,
2017-05-26,
2017-05-31,
2017-06-01,
2017-06-02,
2017-06-05,
2017-06-06,
2017-06-07,
2017-06-08,
2017-06-09,
2017-06-12,
2017-06-13,
2017-06-14,
2017-06-15,
2017-06-16,
2017-06-19,
2017-06-20,
2017-06-21,
2017-06-22,
2017-06-23,
2017-06-26,
2017-06-27,
2017-06-28,
2017-06-29,
2017-06-30,
2017-07-03,
2017-07-04,
2017-07-05,
2017-07-06,
2017-07-07,
2017-07-10,
2017-07-11,
2017-07-12,
2017-07-13,
2017-07-14,
2017-07-17,
2017-07-18,
2017-07-19,
2017-07-20,
2017-07-21,
2017-07-24,
2017-07-25,
2017-07-26,
2017-07-27,
2017-07-28,
2017-07-31,
2017-08-01,
2017-08-02,
2017-08-03,
2017-08-04,
2017-08-07,
2017-08-08,
2017-08-09,
2017-08-10,
2017-08-11,
2017-08-14,
2017-08-15,
2017-08-16,
2017-08-17,
2017-08-18,
2017-08-21,
2017-08-22,
2017-08-23,
2017-08-24,
2017-08-25,
2017-08-28,
2017-08-29,
2017-08-30,
2017-08-31,
2017-09-01,
2017-09-04,
2017-09-05,
2017-09-06,
2017-09-07,
2017-09-08,
2017-09-11,
2017-09-12,
2017-09-13,
2017-09-14,
2017-09-15,
2017-09-18,
2017-09-19,
2017-09-20,
2017-09-21,
2017-09-22,
2017-09-25,
2017-09-26,
2017-09-27,
2017-09-28,
2017-09-29,
2017-10-09,
2017-10-10,
2017-10-11,
2017-10-12,
2017-10-13,
2017-10-16,
2017-10-17,
2017-10-18,
2017-10-19,
2017-10-20,
2017-10-23,
2017-10-24,
2017-10-25,
2017-10-26,
2017-10-27,
2017-10-30,
2017-10-31,
2017-11-01,
2017-11-02,
2017-11-03,
2017-11-06,
2017-11-07,
2017-11-08,
2017-11-09,
2017-11-10,
2017-11-13,
2017-11-14,
2017-11-15,
2017-11-16,
2017-11-17,
2017-11-20,
2017-11-21,
2017-11-22,
2017-11-23,
2017-11-24,
2017-11-27,
2017-11-28,
2017-11-29,
2017-11-30,
2017-12-01,
2017-12-04,
2017-12-05,
2017-12-06,
2017-12-07,
2017-12-08,
2017-12-11,
2017-12-12,
2017-12-13,
2017-12-14,
2017-12-15,
2017-12-18,
2017-12-19,
2017-12-20,
2017-12-21,
2017-12-22,
2017-12-25,
2017-12-26,
2017-12-27,
2017-12-28,
2017-12-29,
2018-01-02,
2018-01-03,
2018-01-04,
2018-01-05,
2018-01-08,
2018-01-09,
2018-01-10,
2018-01-11,
2018-01-12,
2018-01-15,
2018-01-16,
2018-01-17,
2018-01-18,
2018-01-19,
2018-01-22,
2018-01-23,
2018-01-24,
2018-01-25,
2018-01-26,
2018-01-29,
2018-01-30,
2018-01-31,
2018-02-01,
2018-02-02,
2018-02-05,
2018-02-06,
2018-02-07,
2018-02-08,
2018-02-09,
2018-02-12,
2018-02-13,
2018-02-14,
2018-02-22,
2018-02-23,
2018-02-26,
2018-02-27,
2018-02-28,
2018-03-01,
2018-03-02,
2018-03-05,
2018-03-06,
2018-03-07,
2018-03-08,
2018-03-09,
2018-03-12,
2018-03-13,
2018-03-14,
2018-03-15,
2018-03-16,
2018-03-19,
2018-03-20,
2018-03-21,
2018-03-22,
2018-03-23,
2018-03-26,
2018-03-27,
2018-03-28,
2018-03-29,
2018-03-30,
2018-04-02,
2018-04-03,
2018-04-04,
2018-04-09,
2018-04-10,
2018-04-11,
2018-04-12,
2018-04-13,
2018-04-16,
2018-04-17,
2018-04-18,
2018-04-19,
2018-04-20,
2018-04-23,
2018-04-24,
2018-04-25,
2018-04-26,
2018-04-27,
2018-05-02,
2018-05-03,
2018-05-04,
2018-05-07,
2018-05-08,
2018-05-09,
2018-05-10,
2018-05-11,
2018-05-14,
2018-05-15,
2018-05-16,
2018-05-17,
2018-05-18,
2018-05-21,
2018-05-22,
2018-05-23,
2018-05-24,
2018-05-25,
2018-05-28,
2018-05-29,
2018-05-30,
2018-05-31,
2018-06-01,
2018-06-04,
2018-06-05,
2018-06-06,
2018-06-07,
2018-06-08,
2018-06-11,
2018-06-12,
2018-06-13,
2018-06-14,
2018-06-15,
2018-06-19,
2018-06-20,
2018-06-21,
2018-06-22,
2018-06-25,
2018-06-26,
2018-06-27,
2018-06-28,
2018-06-29,
2018-07-02,
2018-07-03,
2018-07-04,
2018-07-05,
2018-07-06,
2018-07-09,
2018-07-10,
2018-07-11,
2018-07-12,
2018-07-13,
2018-07-16,
2018-07-17,
2018-07-18,
2018-07-19,
2018-07-20,
2018-07-23,
2018-07-24,
2018-07-25,
2018-07-26,
2018-07-27,
2018-07-30,
2018-07-31,
2018-08-01,
2018-08-02,
2018-08-03,
2018-08-06,
2018-08-07,
2018-08-08,
2018-08-09,
2018-08-10,
2018-08-13,
2018-08-14,
2018-08-15,
2018-08-16,
2018-08-17,
2018-08-20,
2018-08-21,
2018-08-22,
2018-08-23,
2018-08-24,
2018-08-27,
2018-08-28,
2018-08-29,
2018-08-30,
2018-08-31,
2018-09-03,
2018-09-04,
2018-09-05,
2018-09-06,
2018-09-07,
2018-09-10,
2018-09-11,
2018-09-12,
2018-09-13,
2018-09-14,
2018-09-17,
2018-09-18,
2018-09-19,
2018-09-20,
2018-09-21,
2018-09-25,
2018-09-26,
2018-09-27,
2018-09-28,
2018-10-08,
2018-10-09,
2018-10-10,
2018-10-11,
2018-10-12,
2018-10-15,
2018-10-16,
2018-10-17,
2018-10-18,
2018-10-19,
2018-10-22,
2018-10-23,
2018-10-24,
2018-10-25,
2018-10-26,
2018-10-29,
2018-10-30,
2018-10-31,
2018-11-01,
2018-11-02,
2018-11-05,
2018-11-06,
2018-11-07,
2018-11-08,
2018-11-09,
2018-11-12,
2018-11-13,
2018-11-14,
2018-11-15,
2018-11-16,
2018-11-19,
2018-11-20,
2018-11-21,
2018-11-22,
2018-11-23,
2018-11-26,
2018-11-27,
2018-11-28,
2018-11-29,
2018-11-30,
2018-12-03,
2018-12-04,
2018-12-05,
2018-12-06,
2018-12-07,
2018-12-10,
2018-12-11,
2018-12-12,
2018-12-13,
2018-12-14,
2018-12-17,
2018-12-18,
2018-12-19,
2018-12-20,
2018-12-21,
2018-12-24,
2018-12-25,-0.019828811166117465
2018-12-26,-0.11052264932933639
2018-12-27,-0.13082292599758805
2018-12-28,-0.044192657559150667
2019-01-02,0.07537473400188535
2019-01-03,-0.06690486043620093
2019-01-04,-0.05843285131296904
2019-01-07,0.023505215945690314
2019-01-08,-0.09827519760085406
2019-01-09,-0.08741622590755724
2019-01-10,-0.03491053004064531
2019-01-11,-0.06439704566755301
2019-01-14,-0.04534311095215584
2019-01-15,-0.07552645678629406
2019-01-16,-0.17344423792833935
2019-01-17,-0.042272063778839866
2019-01-18,-0.12200853047325007
2019-01-21,-0.03779578939675092
2019-01-22,-0.056156796252435456
2019-01-23,0.020730439825993128
2019-01-24,-0.04100578175714257
2019-01-25,-0.12840363471323013
2019-01-28,-0.07233336316408522
2019-01-29,-0.0736426643874815
2019-01-30,-0.140670943068675
2019-01-31,-0.12410860220636964
2019-02-01,0.1255721781490596
2019-02-11,0.17118828560761679
2019-02-12,-0.011837787162798675
2019-02-13,-0.0665624290427176
2019-02-14,0.0024202427138064935
2019-02-15,-0.07871953084331983
2019-02-18,0.11605148296774455
2019-02-19,-0.07758133470965357
2019-02-20,-0.07840619567130072
2019-02-21,-0.06320318422685928
2019-02-22,0.05382687979553639
2019-02-25,0.10621666171526331
2019-02-26,-0.15713512448496925
2019-02-27,-0.07648126933892029
2019-02-28,-0.1574307670826463
2019-03-01,0.020857084409605885
2019-03-04,0.09827094985406357
2019-03-05,0.05721943272909463
2019-03-06,-0.009510576387608764
2019-03-07,-0.013211738605020918
2019-03-08,-0.05955973779020718
2019-03-11,-0.08282862022703612
2019-03-12,-0.005274246535264317
2019-03-13,-0.19975726312466469
2019-03-14,-0.13546339501611254
2019-03-15,-0.11529030972875183
2019-03-18,-0.07069032159351787
2019-03-19,-0.04845904733798206
2019-03-20,-0.06982016682943884
2019-03-21,0.01583096081277898
2019-03-22,-0.1595517629939565
2019-03-25,-0.1339492201961491
2019-03-26,-0.08504301507632862
2019-03-27,-0.07326957733741689
2019-03-28,-0.12483494581393645
2019-03-29,0.047738521778549294
2019-04-01,0.1284280631459492
2019-04-02,-0.014164597099944014
2019-04-03,-0.10639079726546205
2019-04-04,-0.041587816941473434
2019-04-08,-0.03754107827629851
2019-04-09,-0.052417534190797414
2019-04-10,-0.09340449801739575
2019-04-11,-0.10719972585392509
2019-04-12,-0.01850474349297596
2019-04-15,-0.061800842298552476
2019-04-16,0.07674775289718418
2019-04-17,-0.05670599020822745
2019-04-18,-0.05699550215651781
2019-04-19,0.005214283425247256
2019-04-22,-0.11755258076449382
2019-04-23,-0.050392106951110176
2019-04-24,0.045899040952020964
2019-04-25,-0.13189908260580888
2019-04-26,-0.06022184876305724
2019-04-29,-0.1959052219157711
2019-04-30,0.07670194684396006
2019-05-06,-0.18753386469750616
2019-05-07,0.051070701304417855
2019-05-08,-0.02634965388621252
2019-05-09,-0.04656483843697091
2019-05-10,0.13460509587350686
2019-05-13,-0.01964551179176291
2019-05-14,-0.01273709581444342
2019-05-15,0.09403374730908161
2019-05-16,-0.07805786003776781
2019-05-17,-0.0014460181280275474
2019-05-20,-0.10417526606230623
2019-05-21,-0.03796867752284795
2019-05-22,-0.058972289269182264
2019-05-23,-0.06713893115943799
2019-05-24,-0.09216972038455797
2019-05-27,0.05280691994360866
2019-05-28,-0.044283181195005863
2019-05-29,-0.00746757015536989
2019-05-30,-0.02304357283987883
2019-05-31,-0.042501419957164846
2019-06-03,-0.061810574138757325
2019-06-04,-0.13291684615336985
2019-06-05,-0.02956314119599762
2019-06-06,-0.11924618860161217
2019-06-10,0.07168500270208288
2019-06-11,0.08311025086385536
2019-06-12,0.014957765164721675
2019-06-13,-0.09550213588243231
2019-06-14,-0.13579372156400674
2019-06-17,-0.10338984270162296
2019-06-18,-0.05245772265255827
2019-06-19,-0.030120445230254995
2019-06-20,-0.09127135352939307
2019-06-21,-0.07811319136115172
2019-06-24,-0.08729535628233237
2019-06-25,-0.07654438822658936
2019-06-26,-0.12038106289945019
2019-06-27,0.015524113193183591
2019-06-28,-0.07299305004614885
2019-07-01,0.05859967753498494
2019-07-02,-0.11049155070170188
2019-07-03,-0.1328646565375945
2019-07-04,-0.12862951237758646
2019-07-05,-0.022940946289867887
2019-07-08,-0.11575129968445458
2019-07-09,0.004092207117147842
2019-07-10,-0.09841766462672744
2019-07-11,-0.06398796971535317
2019-07-12,-0.11757810713745931
2019-07-15,0.08228106530288248
2019-07-16,-0.021950598419117583
2019-07-17,-0.04137059045456773
2019-07-18,-0.12389140502881607
2019-07-19,-0.06237938844172564
2019-07-22,-0.09324829443814446
2019-07-23,0.10032754945201001
2019-07-24,-0.013628642442275941
2019-07-25,0.0009918561008226492
2019-07-26,-0.0917118990912674
2019-07-29,0.004239477612222155
2019-07-30,-0.12046939544346347
2019-07-31,-0.04579082328512051
2019-08-01,0.017148179918017273
2019-08-02,0.0004926963302820038
2019-08-05,-0.022606211092919846
2019-08-06,0.059762680248776644
2019-08-07,-0.0893780769750034
2019-08-08,0.0338644437291943
2019-08-09,-0.057536222299962796
2019-08-12,0.059991779639967345
2019-08-13,0.01434610054777576
2019-08-14,-0.08004235438806685
2019-08-15,-0.043072057618904945
2019-08-16,-0.044214118283552234
2019-08-19,-0.015493387365808804
2019-08-20,-0.022109679285847464
2019-08-21,-0.08533451767766426
2019-08-22,-0.022279429916300296
2019-08-23,-0.08319789106014125
2019-08-26,0.030351678119587815
2019-08-27,-0.11675026080046699
2019-08-28,-0.13576972322428857
2019-08-29,-0.013744639645182393
2019-08-30,-0.06967821474517565
2019-09-02,0.04598691237103936
2019-09-03,0.051693771030545746
2019-09-04,-0.07083078890338884
2019-09-05,-0.05864119643235382
2019-09-06,-0.023396968316139338
2019-09-09,0.06596502187585399
2019-09-10,-0.10476831273075339
2019-09-11,-0.1434340555688988
2019-09-12,-0.043740564487072725
2019-09-16,-0.036784382367550814
2019-09-17,-0.10048698377658993
2019-09-18,-0.07945101263578938
2019-09-19,0.03188799353671424
2019-09-20,-0.08146037102894779
2019-09-23,0.029661767399477075
2019-09-24,-0.04322781892014593
2019-09-25,-0.1359965750505369
2019-09-26,-0.30154957761543366
2019-09-27,0.09385490794195639
2019-09-30,-0.19714532530748596
2019-10-08,-0.0752272946300483
2019-10-09,0.12788030422794555
2019-10-10,0.026607128708714168
2019-10-11,-0.1233899964734509
2019-10-14,0.07964207420288474
2019-10-15,-0.11376848037718237
2019-10-16,-0.05795333666526227
2019-10-17,-0.0014906114885017202
2019-10-18,-0.05670683084070136
2019-10-21,-0.08181582423538211
2019-10-22,-0.012324808752111081
2019-10-23,-0.08360109967528348
2019-10-24,-0.047128892492134436
2019-10-25,-0.026435060059240283
2019-10-28,-0.04078114644782774
2019-10-29,0.017728765701128107
2019-10-30,-0.012218365187002105
2019-10-31,-0.05735055414627083
2019-11-01,0.02268821080057366
2019-11-04,-0.009641428473792337
2019-11-05,0.012775755213384539
2019-11-06,-0.06461222565961011
2019-11-07,0.0548929771089092
2019-11-08,-0.1101715951015062
2019-11-11,0.006366102388746123
2019-11-12,0.05595155065836734
2019-11-13,-0.054077532215425925
2019-11-14,0.0187458835156527
2019-11-15,-0.058963552709017444
2019-11-18,0.018220839822192504
2019-11-19,0.0017877616023228462
2019-11-20,-0.015005878951780018
2019-11-21,-0.036535412755976326
2019-11-22,-0.10846846580359525
2019-11-25,-0.12061233302089071
2019-11-26,-0.013669589001904434
2019-11-27,0.0500998726000265
2019-11-28,-0.02976237902104394
2019-11-29,-0.04310406451977352
2019-12-02,-0.004138543635689682
2019-12-03,-0.0499360001347482
2019-12-04,-0.06923164911477594
2019-12-05,-0.014009200935254216
2019-12-06,-0.016564986313178473
2019-12-09,0.05242654097651555
2019-12-10,0.08607192826919625
2019-12-11,-0.05328417821059201
2019-12-12,-0.003217897703465281
2019-12-13,-0.12607933919147782
2019-12-16,0.04488188131368097
2019-12-17,-0.05451332456943901
2019-12-18,0.0018658012005352907
2019-12-19,-0.08862358292117191
2019-12-20,-0.12176810152592717
2019-12-23,-0.12027079795953967
2019-12-24,0.0842611533345136
2019-12-25,0.01293377998332094
2019-12-26,-0.008083717984120355
2019-12-27,-0.14537886640153203
2019-12-30,-0.06836534783245687
2019-12-31,-0.09711381563193816
2020-01-02,0.16764768094303217
2020-01-03,-0.06327418374216957
2020-01-06,-0.023725909566294178
2020-01-07,-0.0645212802612983
2020-01-08,-0.06812210347901405
2020-01-09,-0.04505309659681756
2020-01-10,-0.09410163233241414
2020-01-13,0.06460574210085503
2020-01-14,-0.07099757628039059
2020-01-15,0.01523620121220879
2020-01-16,0.024576544375191356
2020-01-17,-0.02455548087445116
2020-01-20,-0.021933362882233052
2020-01-21,-0.07424311837412062
2020-01-22,0.06410173838304432
2020-01-23,-0.06694698925983798
2020-02-03,-0.02013116578160239
2020-02-04,-0.07931465651565968
2020-02-05,0.13076600715415687
2020-02-06,0.08542663230149568
2020-02-07,-0.009936527855046739
2020-02-10,0.0040140170357807654
2020-02-11,-0.1222968801125433
2020-02-12,0.05848023098716058
2020-02-13,-0.0595344970895744
2020-02-14,-0.10471244169611359
2020-02-17,-0.0871610066467518
2020-02-18,0.015336220483931564
2020-02-19,-0.13999471749829445
2020-02-20,-0.13792702976471435
2020-02-21,-0.031419477899516546
2020-02-24,0.0907400362667643
2020-02-25,0.15135694112749265
2020-02-26,-0.13092869575380228
2020-02-27,-0.0909475956940336
2020-02-28,0.0004442832291229517
2020-03-02,-0.04269346626371203
2020-03-03,0.016866198564736444
2020-03-04,-0.05742591188675711
2020-03-05,-0.06050879154214889
2020-03-06,-0.04703983372859695
2020-03-09,-0.07648409455865524
2020-03-10,0.03777234302557554
2020-03-11,-0.0821995607916365
2020-03-12,-0.04501067336647969
2020-03-13,-0.07769269500276953
2020-03-16,-0.0936976540925865
2020-03-17,-0.0521354639988132
2020-03-18,-0.08422987933064362
2020-03-19,0.011462171331060816
2020-03-20,0.006942426255497799
2020-03-23,-0.07382363878008512
2020-03-24,-0.035777383056740726
2020-03-25,0.037305633726065456
2020-03-26,-0.05178132601135691
2020-03-27,-0.05009545845299375
2020-03-30,-0.01391402609921455
2020-03-31,-0.07945041589788898
2020-04-01,-0.05602749534375571
2020-04-02,-0.002643478051868261
2020-04-03,-0.025489893186387207
2020-04-07,0.0305555947018776
2020-04-08,-0.00999586230740713
2020-04-09,-0.06132458895334985
2020-04-10,-0.07818903014452296
2020-04-13,-0.02328459565161494
2020-04-14,0.01609902916384603
2020-04-15,-0.08305440380717805
2020-04-16,-0.02199667771959026
2020-04-17,-0.08543576237334351
2020-04-20,0.038277995436968845
2020-04-21,-0.014610945634972578
2020-04-22,-0.025718065371266915
2020-04-23,-0.05991985457762987
2020-04-24,-0.1219667185376592
2020-04-27,-0.0619540654402098
2020-04-28,-0.034286856275961786
2020-04-29,-0.05614600901889306
2020-04-30,0.027855042897413036
2020-05-06,0.0858867693876961
2020-05-07,-0.02728670041072284
2020-05-08,-0.04527699566598411
2020-05-11,-0.0008622305579295998
2020-05-12,0.03957753246977802
2020-05-13,-0.017607711044029004
2020-05-14,-0.018024168245269954
2020-05-15,0.026606375101778164
2020-05-18,-0.048589738073957014
2020-05-19,0.08464089788385704
2020-05-20,-0.0634834678282446
2020-05-21,-0.09271588175093112
2020-05-22,-0.07995728075218339
2020-05-25,-0.05723945800891128
2020-05-26,0.09441752199671417
2020-05-27,-0.05237486891653572
2020-05-28,-0.09109427667673174
2020-05-29,-0.02379680679571932
2020-06-01,0.12953708232693512
2020-06-02,-0.05123667874760001
2020-06-03,0.008846945163671566
2020-06-04,-0.04898476676732076
2020-06-05,-0.019014366627889138
2020-06-08,-0.05667621303567046
2020-06-09,-0.01565631510231761
2020-06-10,-0.039394122126380396
2020-06-11,-0.027858581396787062
2020-06-12,-0.06874834059847576
2020-06-15,-0.06826802612029285
2020-06-16,0.05317416380719627
2020-06-17,-0.0779833241514344
2020-06-18,-0.047600437753625685
2020-06-19,-0.004333890271731095
2020-06-22,0.03346886690077887
2020-06-23,-0.0025044934357912867
2020-06-24,-0.0592529641157148
2020-06-29,0.044666804624967846
2020-06-30,0.015435377605430784
2020-07-01,-0.006413244733899695
2020-07-02,-0.09808114330293566
2020-07-03,-0.08566279296556001
2020-07-06,0.04202613806840337
2020-07-07,0.046841651315294296
2020-07-08,0.041312623098020175
2020-07-09,0.0348009138778857
2020-07-10,-0.06484300745425489
2020-07-13,0.04121143196712956
2020-07-14,-0.08392992980676528
2020-07-15,-0.16486861430538782
2020-07-16,-0.11410752211667369
2020-07-17,0.01818415189357498
2020-07-20,0.06300118394764478
2020-07-21,-0.056585102869614226
2020-07-22,-0.018538047005854992
2020-07-23,0.01346953016820303
2020-07-24,-0.054686886062218595
2020-07-27,-0.006529090663291254
2020-07-28,-0.016835915453518126
2020-07-29,0.08707879558236532
2020-07-30,-0.0005151625475550134
2020-07-31,0.006358725932244493
2020-08-03,0.09726668454266141
2020-08-04,-0.0648511919622617
2020-08-05,0.03838258202717988
2020-08-06,-0.01918505071506446
2020-08-07,0.03756855941166447
2020-08-10,-0.04415189322166166
2020-08-11,-0.10176996571802195
2020-08-12,0.022321828382214953
2020-08-13,-0.03403191109370912
2020-08-14,-0.05224601229858252
2020-08-17,0.057964789256186276
2020-08-18,0.017514950415978014
2020-08-19,-0.08876017709305457
2020-08-20,-0.0703909069501948
2020-08-21,-0.09512937909888829
2020-08-24,-0.03282151568324638
2020-08-25,-0.10811088945653843
2020-08-26,-0.09748012378770744
2020-08-27,-0.015217100273318036
2020-08-28,-0.0673700391748976
2020-08-31,0.01820504794104305
2020-09-01,0.0348561425024873
2020-09-02,0.055195136379115814
2020-09-03,-0.08287069068844201
2020-09-04,-0.01050670553304292
2020-09-07,0.017370341903425176
2020-09-08,0.056635796905538
2020-09-09,-0.13306847796887775
2020-09-10,-0.02299178275171396
2020-09-11,0.023500995088845993
2020-09-14,0.029820940501002716
2020-09-15,-0.018446016396446135
2020-09-16,-0.0018063382401200465
2020-09-17,-0.11116518118987587
2020-09-18,-0.0943464494630927
2020-09-21,-0.023460133506611122
2020-09-22,-0.05218924214227627
2020-09-23,0.0025031762970157837
2020-09-24,-0.04659517836996615
2020-09-25,-0.07739760249639452
2020-09-28,-0.04043385265535022
2020-09-29,-0.014081781742270719
2020-09-30,-0.061597867472583674
2020-10-09,0.051241646749418175
2020-10-12,0.026755389691021387
2020-10-13,0.003172189436647062
2020-10-14,0.02007356362386372
2020-10-15,-0.08577563234181373
2020-10-16,-0.046064274237069686
2020-10-19,-0.014619983351133552
2020-10-20,0.03250156666122381
2020-10-21,-0.07466584119023184
2020-10-22,-0.029825326056763163
2020-10-23,-0.06805868492645123
2020-10-26,0.05510848510053458
2020-10-27,-0.02854976583508987
2020-10-28,-0.016087176536105436
2020-10-29,-0.06158574049260909
2020-10-30,-0.07732904816358233
2020-11-02,0.11530487158238904
2020-11-03,-0.061983214590900185
2020-11-04,0.012624083264060995
2020-11-05,0.0027130547340142416
2020-11-06,-0.05660023286410434
2020-11-09,-0.021699768399980217
2020-11-10,-0.08836814743156655
2020-11-11,-0.05248415061870956
2020-11-12,0.006271093450057491
2020-11-13,-0.01636209125866936
2020-11-16,-0.006435715138250383
2020-11-17,-0.026693199992243635
2020-11-18,-0.03384925222385265
2020-11-19,-0.05229038198432885
2020-11-20,-0.0019949676365880326
2020-11-23,0.030283970507774306
2020-11-24,-0.021121821760610247
2020-11-25,-0.07078945808979652
2020-11-26,-0.06333121333777066
2020-11-27,-0.04442915293010993
2020-11-30,-0.04852176780520847
2020-12-01,-0.014351160190393073
2020-12-02,-0.0666025118560354
2020-12-03,-0.10080846375014686
2020-12-04,-0.026461220774924177
2020-12-07,-0.026436896816237544
2020-12-08,-0.03675414388270675
2020-12-09,-0.005086180426355025
2020-12-10,-0.022842907081833123
2020-12-11,0.025830660327067385
2020-12-14,0.03545239194649975
2020-12-15,-0.04896109122186659
2020-12-16,-0.0007685532613864563
2020-12-17,0.0014550535677760655
2020-12-18,0.0501316874018222
2020-12-21,0.04240570665041704
2020-12-22,0.003979716615599175
2020-12-23,0.03958456561708601
2020-12-24,0.0238059774199982
2020-12-25,0.001663237413207087
2020-12-28,0.07115146163982329
2020-12-29,-0.1363668040257443
2020-12-30,0.03432950333177045
2020-12-31,-0.09811698974565562
2021-01-04,0.04993391467059603
2021-01-05,-0.05981002689604971
2021-01-06,0.017844472306934006
2021-01-07,0.06380150247958884
2021-01-08,-0.1126268018761809
2021-01-11,0.004104079420372099
2021-01-12,0.022929578978582065
2021-01-13,-0.02365824072167159
2021-01-14,-0.1437612278218416
2021-01-15,-0.04104930790957766
2021-01-18,0.05775938936364922
2021-01-19,-0.12096834383231626
2021-01-20,0.04556093527836421
2021-01-21,-0.01734047385746057
2021-01-22,-0.0038790017336746215
2021-01-25,0.03945934368413686
2021-01-26,-0.05193936017635699
2021-01-27,-0.03545177125533458
2021-01-28,-0.13175871262721262
2021-01-29,-0.002726854281954474
2021-02-01,0.06921927356396387
2021-02-02,-0.007756992442046897
2021-02-03,0.0003562649162216855
2021-02-04,0.02733293968542729
2021-02-05,-0.10443136818465666
2021-02-08,-0.050296717211012136
2021-02-09,0.014010145145211168
2021-02-10,-0.08890124444080298
2021-02-18,0.030106628040834728
2021-02-19,-0.0855694388224077
2021-02-22,-0.06212458763888004
2021-02-23,0.024521418361408708
2021-02-24,-0.036098890089965134
2021-02-25,-0.022194025126180968
2021-02-26,-0.034924451839285574
2021-03-01,-0.003711767398525038
2021-03-02,-0.04908689324581925
2021-03-03,-0.0035761618659531846
2021-03-04,-0.04512322507593795
2021-03-05,-0.04832099769141752
2021-03-08,-0.03147344764240051
2021-03-09,-0.10833140830702316
2021-03-10,-0.005207739832515932
2021-03-11,0.06870489895232565
2021-03-12,-0.037258235634759634
2021-03-15,0.028947529449539492
2021-03-16,-0.013624289175616878
2021-03-17,-0.10025468088389788
2021-03-18,-0.1106584605619628
2021-03-19,-0.052648266613502664
2021-03-22,0.018932663725010825
2021-03-23,-0.08642068266800981
2021-03-24,-0.027981671538377707
2021-03-25,-0.02629469954241869
2021-03-26,-0.05151057819662898
2021-03-29,0.00690101884358184
2021-03-30,-0.07953921336923253
2021-03-31,-0.05367210478547975
2021-04-01,-0.07448134693646823
2021-04-02,-0.050919566555102436
2021-04-06,-0.0006493676305237735
2021-04-07,0.011000759291894221
2021-04-08,-0.07455317731162606
2021-04-09,-0.0006278610056887814
2021-04-12,-0.022901128135382164
2021-04-13,-0.07617213070929084
2021-04-14,-0.0011168413175197875
2021-04-15,-0.11351148469803442
2021-04-16,-0.06520398749153906
2021-04-19,-0.0324477687762811
2021-04-20,-0.03517406045252334
2021-04-21,-0.044704371327660995
2021-04-22,-0.021558704730459274
2021-04-23,-0.039288409177513084
2021-04-26,-0.08691141591813098
2021-04-27,-0.0007002793145954061
2021-04-28,0.04930269209810367
2021-04-29,-0.06387943264226238
2021-04-30,0.03509618510057436
2021-05-06,0.09278589567809774
2021-05-07,-0.022700996459125416
2021-05-10,0.11498570021834
2021-05-11,-0.03125531923962546
2021-05-12,0.01899587312790831
2021-05-13,-0.07041610128402986
2021-05-14,-0.06550983178176935
2021-05-17,-0.06668098302929903
2021-05-18,0.07476799482470917
2021-05-19,-0.022795164304767947
2021-05-20,-0.056992582155709896
2021-05-21,-0.013260616563395666
2021-05-24,-0.03361227297871632
2021-05-25,-0.024829477450632954
2021-05-26,-0.07927338359095933
2021-05-27,-0.060567328596893746
2021-05-28,0.0035478060972873506
2021-05-31,0.1083991473626223
2021-06-01,-0.0542638654381123
2021-06-02,-0.1282515616714238
2021-06-03,-0.0828654696220681
2021-06-04,-0.05130606187112925
2021-06-07,0.03541400912789193
2021-06-08,-0.07858797565888392
2021-06-09,-0.0711028438713459
2021-06-10,-0.023750707575713237
2021-06-11,-0.060572821975878294
2021-06-15,-0.032878572709948505
2021-06-16,-0.1379702884246147
2021-06-17,0.09360498037990735
2021-06-18,0.04844754183584977
2021-06-21,0.10508886182661199
2021-06-22,-0.04897822912547305
2021-06-23,0.006542324997963497
2021-06-24,-0.11810944568608173
2021-06-25,-0.026239031914839363
2021-06-28,0.021005341821111283
2021-06-29,-0.0366130359760651
2021-06-30,0.022390804435786043
2021-07-01,-0.12819883471153073
2021-07-02,0.0767623155755991
2021-07-05,0.04582389468611984
2021-07-06,-0.06447989002034628
2021-07-07,0.00522203180832397
2021-07-08,0.00247135683287157
2021-07-09,-0.04047816417948915
2021-07-12,-0.01259481359999152
2021-07-13,-0.034696761365764606
2021-07-14,-0.08178072982589044
2021-07-15,0.015576889874808056
2021-07-16,-0.007543042722662591
2021-07-19,-0.0003423337058339212
2021-07-20,-0.012755562965178801
2021-07-21,0.05283658553446939
2021-07-22,-0.03320671808535327
2021-07-23,-0.046479815201630005
2021-07-26,-0.00010943356691726408
2021-07-27,-0.17278094237461403
2021-07-28,-0.05747064000761952
2021-07-29,0.17694743708650754
2021-07-30,0.02318976984366262
2021-08-02,-0.01826890519029098
2021-08-03,-0.10894916684893254
2021-08-04,0.1153459432109113
2021-08-05,-0.06862233712411225
2021-08-06,0.020975753306956148
2021-08-09,-0.10393566970416726
2021-08-10,-0.08142000049426434
2021-08-11,-0.03799592808177565
2021-08-12,-0.0032320202193803437
2021-08-13,-0.01632638246823701
2021-08-16,-0.055849551549210875
2021-08-17,-0.059698563538037444
2021-08-18,-0.012775657327795651
2021-08-19,0.0036741533493535312
2021-08-20,-0.009673750778568857
2021-08-23,-0.010097575963547998
2021-08-24,-0.04907174586718989
2021-08-25,-0.02586667680740475
2021-08-26,-0.029590581603565872
2021-08-27,0.012692525964208896
2021-08-30,0.046814988007154425
2021-08-31,-0.018016624166632845
2021-09-01,-0.09854803916646099
2021-09-02,0.1127235464535321
2021-09-03,-0.09849292627254384
2021-09-06,-0.06270321430160444
2021-09-07,-0.01937291656903259
2021-09-08,-0.06683514759279963
2021-09-09,-0.020184216329403808
2021-09-10,-0.07245920292326835
2021-09-13,0.06297298409892972
2021-09-14,-0.033086765720877445
2021-09-15,0.042679264077852073
2021-09-16,-0.034683145233930235
2021-09-17,0.01189994452050587
2021-09-22,0.04214797441223047
2021-09-23,-0.09630679749163117
2021-09-24,-0.05640842251867196
2021-09-27,-0.13525946111756695
2021-09-28,0.014482921129797629
2021-09-29,-0.14651783832211035
2021-09-30,0.09459502428560701
2021-10-08,-0.024421979984277132
2021-10-11,-0.04492094957496084
2021-10-12,-0.06211217299339341
2021-10-13,-0.07171238052209963
2021-10-14,-0.018340785108335235
2021-10-15,-0.06158318284671843
2021-10-18,0.049371739833986
2021-10-19,0.025569471515944804
2021-10-20,-0.005649446808370423
2021-10-21,-0.003950044727036432
2021-10-22,0.0012316404232971525
2021-10-25,0.017767430249285038
2021-10-26,-0.04704288915116732
2021-10-27,0.07642260261209628
2021-10-28,0.020479617137210332
2021-10-29,-0.08000393908759786
2021-11-01,-0.013431483727086198
2021-11-02,0.04079005932073328
2021-11-03,-0.06748263494721705
2021-11-04,0.03114598110040825
2021-11-05,-0.0604686635627537
2021-11-08,0.0029673457086630737
2021-11-09,-0.02101608638659099
2021-11-10,-0.0323879376754972
2021-11-11,-0.07179773945815794
2021-11-12,-0.0021492849865785003
2021-11-15,-0.10804716952603875
2021-11-16,-0.04210002287817415
2021-11-17,0.005041142533233666
2021-11-18,-0.05194695685945355
2021-11-19,-0.09267434006055307
2021-11-22,0.034506351293757107
2021-11-23,-0.08801450726353235
2021-11-24,-0.03530739410746721
2021-11-25,-0.09722514711242208
2021-11-26,0.025282306542804094
2021-11-29,0.05144703351758612
2021-11-30,-0.10123627854063
2021-12-01,-0.07759067481439849
2021-12-02,-0.10618809194553201
2021-12-03,-0.04691279120180528
2021-12-06,-0.04513422500800634
2021-12-07,-0.11017118521985306
2021-12-08,0.035877030235835376
2021-12-09,-0.10644790672278077
2021-12-10,-0.03267004952719738
2021-12-13,-0.008290960445377379
2021-12-14,-0.02837865243833917
2021-12-15,-0.05841826112231527
2021-12-16,-0.03808292549734128
2021-12-17,-0.046735177400855456
2021-12-20,-0.0361462088955124
2021-12-21,-0.06597623312415768
2021-12-22,-0.05966426025212628
2021-12-23,-0.03571075286551013
2021-12-24,-0.08019656856792338
2021-12-27,-0.033100926220499524
2021-12-28,-0.08277455599534254
2021-12-29,-0.04716756936298889
2021-12-30,0.0011926801300083535
2021-12-31,-0.09148121454499218
2022-01-04,0.03071971641863614
2022-01-05,-0.04846545830193807
2022-01-06,0.016636486595291496
2022-01-07,-0.10320690997979881
2022-01-10,-0.06785441545226784
2022-01-11,-0.07938268224310731
2022-01-12,-0.04054876622712046
2022-01-13,0.006280760794328209
2022-01-14,0.010106589155375807
2022-01-17,-0.030820549408739205
2022-01-18,-0.01730603229927699
2022-01-19,0.005157429871535936
2022-01-20,0.0046848056332778835
2022-01-21,-0.07556206046329067
2022-01-24,-0.043098842772246064
2022-01-25,-0.08240165266413514
2022-01-26,-0.015990483301662063
2022-01-27,-0.049155617830565816
2022-01-28,-0.003258774274294604
2022-02-07,0.04647624599035654
2022-02-08,0.030803349897932514
2022-02-09,-0.01357606137653535
2022-02-10,0.034919612026389664
2022-02-11,0.04546722659963381
2022-02-14,-0.022474456439061766
2022-02-15,0.00805273542536256
2022-02-16,-0.07623928714739489
2022-02-17,-0.010973192185933126
2022-02-18,-0.026505382195758983
2022-02-21,-0.043464450243839776
2022-02-22,0.10891338384614865
2022-02-23,-0.13339115421495362
2022-02-24,-0.00585859614169679
2022-02-25,-0.059886353483266104
2022-02-28,-0.02598542459601774
2022-03-01,0.01484422300917313
2022-03-02,0.00547778278884697
2022-03-03,0.017225476730485963
2022-03-04,-0.10692239948050287
2022-03-07,0.09099111810176048
2022-03-08,0.02343439189986554
2022-03-09,0.1082706631538864
2022-03-10,-0.03486199636912846
2022-03-11,-0.10916920360134079
2022-03-14,-0.05154149178684601
2022-03-15,0.06379977684298808
2022-03-16,0.080681467615565
2022-03-17,-0.030147805105727905
2022-03-18,-0.04862121434775451
2022-03-21,0.03970626413838244
2022-03-22,-0.08498481813524078
2022-03-23,-0.09885916231948323
2022-03-24,-0.037434785198981836
2022-03-25,-0.07575189462057606
2022-03-28,-0.052536445015818126
2022-03-29,-0.022368009796090934
2022-03-30,-0.035847399983438256
2022-03-31,-0.025002727432395205
2022-04-01,-0.07219987233059424
2022-04-06,-0.05528571343510531
2022-04-07,-0.039311032044484766
2022-04-08,0.0044290934560474665
2022-04-11,-0.04039306794851373
2022-04-12,-0.04417620713496849
2022-04-13,-0.12983621468060352
2022-04-14,-0.0013070755950699876
2022-04-15,-0.054232602000392344
2022-04-18,0.021417665293430154
2022-04-19,0.0021664207691690237
2022-04-20,-0.03669047325736715
2022-04-21,-0.029362550974828334
2022-04-22,0.005058036212478755
2022-04-25,0.013667040958722537
2022-04-26,0.027218951274867793
2022-04-27,0.05498786574666088
2022-04-28,-0.008221729726349183
2022-04-29,0.04060412604980209
2022-05-05,0.00715719505939882
2022-05-06,-0.009191898139282747
2022-05-09,-0.013487659826208606
2022-05-10,0.04661588703037036
2022-05-11,-9.660410548216067e-05
2022-05-12,-0.05116925641367141
2022-05-13,-0.060321203084470504
2022-05-16,-0.08371497525399561
2022-05-17,0.05817213540078885
2022-05-18,-0.09292113300211559
2022-05-19,0.014014568740367744
2022-05-20,-0.09912567177101109
2022-05-23,-0.11670876012589723
2022-05-24,-0.05581772463580987
2022-05-25,-0.045856958738590047
2022-05-26,-0.08216287828035297
2022-05-27,-0.043424713147718105
2022-05-30,-0.029277863399522878
2022-05-31,-0.03568127363490359
2022-06-01,-0.03061138873917234
2022-06-02,-0.026900674019543182
2022-06-06,0.01851010427517735
2022-06-07,-0.0610277495907096
2022-06-08,-0.0383335622376706
2022-06-09,-0.07916930219364748
2022-06-10,0.009239763275483367
2022-06-13,0.00016911484859362616
2022-06-14,-0.06548436599702147
2022-06-15,-0.1005060392930906
2022-06-16,0.0010451339313353074
2022-06-17,0.0259028055409441
2022-06-20,-0.025451353610328117
2022-06-21,-0.1297757486951378
2022-06-22,-0.03732405503835056
2022-06-23,-0.006174362988113343
2022-06-24,-0.009622019492923753
2022-06-27,-0.008333917893249169
2022-06-28,-0.06877335242170292
2022-06-29,-0.09523019996443936
2022-06-30,0.03950087615045456
2022-07-01,-0.08928682989498679
2022-07-04,-0.01375264689418142
2022-07-05,-0.06669852242356025
2022-07-06,0.01817894040619754
2022-07-07,-0.027363601905512555
2022-07-08,-0.07749533213574554
2022-07-11,-0.011829982280541105
2022-07-12,-0.06257524747951661
2022-07-13,-0.002679561259102463
2022-07-14,0.009773488430639675
2022-07-15,0.027584617762496523
2022-07-18,-0.013081329714598744
2022-07-19,-0.06534932630089446
2022-07-20,-0.06058259097590342
2022-07-21,-0.057413145082414074
2022-07-22,-0.06331412337403901
2022-07-25,-0.05527593195333578
2022-07-26,-0.04303774982633376
2022-07-27,0.0013005191247062405
2022-07-28,-0.03323487729810842
2022-07-29,-0.009931934473713187
2022-08-01,-0.04278357394304525
2022-08-02,-0.017250434503105403
2022-08-03,-0.09269997419674326
2022-08-04,-0.061543746985413234
2022-08-05,-0.12191715893715822
2022-08-08,0.0250528795395458
2022-08-09,0.011580751693751782
2022-08-10,-0.0033006290006500657
2022-08-11,-0.10845029707869847
2022-08-12,-0.09951391559963971
2022-08-15,0.02775921362347898
2022-08-16,-0.02835620673862814
2022-08-17,-0.04742414596635296
2022-08-18,0.03682550807671245
2022-08-19,-0.07420357480487565
2022-08-22,-0.043601913872986835
2022-08-23,0.03376654044953908
2022-08-24,-0.05829779891638826
2022-08-25,-0.09452038515360058
2022-08-26,-0.11361028302592172
2022-08-29,-0.044746441361546964
2022-08-30,-0.08794895934617643
2022-08-31,-0.0783588309942841
2022-09-01,-0.012056992867964795
2022-09-02,0.04313483964641261
2022-09-05,-0.014728776814750625
2022-09-06,0.04688089341049188
2022-09-07,-0.012684002030099449
2022-09-08,-0.014601701566930613
2022-09-09,-0.05054465025251099
2022-09-13,-0.05078308861193141
2022-09-14,0.024964551630275784
2022-09-15,0.016306985151683714
2022-09-16,-0.013084158589117184
2022-09-19,-0.010212088742377308
2022-09-20,-0.022568699515023025
2022-09-21,-0.05491565521168217
2022-09-22,-0.009567890795298723
2022-09-23,-0.05765074814796888
2022-09-26,0.04074482425699822
2022-09-27,-0.03413032151064892
2022-09-28,-0.030139691538197788
2022-09-29,-0.02547851546084732
2022-09-30,-0.06432824127939013
2022-10-10,-0.02667752540263287
2022-10-11,-0.025605367084674424
2022-10-12,-0.019936158949716152
2022-10-13,-0.049992808819855336
2022-10-14,-0.044596392785395275
2022-10-17,-0.01854481765101186
2022-10-18,-0.028161312197821628
2022-10-19,-0.015699424147601223
2022-10-20,-0.07250365464857207
2022-10-21,0.006671961480013039
2022-10-24,0.01268328993075274
2022-10-25,-0.017164989604641002
2022-10-26,0.01110044855568828
2022-10-27,-0.06042589229852928
2022-10-28,0.013256989128281634
2022-10-31,0.028612661191759505
2022-11-01,-0.032281479626559126
2022-11-02,-0.06008369704422854
2022-11-03,-0.027995958021545753
2022-11-04,-0.0330550902068464
2022-11-07,-0.019989574939136827
2022-11-08,-0.04489133089540024
2022-11-09,0.015970932507537408
2022-11-10,-0.05410075090923721
2022-11-11,-0.09668192887671116
2022-11-14,-0.07833333410902782
2022-11-15,0.012431384579568744
2022-11-16,-0.08258729093430081
2022-11-17,-0.022018571039862836
2022-11-18,-0.05019876001415885
2022-11-21,0.009911698537692132
2022-11-22,-0.036234688369855064
2022-11-23,0.01446675146413346
2022-11-24,-0.041980051822971334
2022-11-25,-0.04546380929492897
2022-11-28,0.03404271512307796
2022-11-29,-0.02781232200800212
2022-11-30,-0.016259099166424852
2022-12-01,-0.010186602805223805
2022-12-02,-0.07814477255406159
2022-12-05,0.027997529829778496
2022-12-06,-0.026220237282253513
2022-12-07,-0.07733502499966374
2022-12-08,-0.006186442303199232
2022-12-09,0.014955172042130694
2022-12-12,-0.027954882212467242
2022-12-13,-0.018299007467789112
2022-12-14,0.002144334290449287
2022-12-15,-0.014543220607220608
2022-12-16,-8.346943110912542e-05
2022-12-19,-0.010868549566421398
2022-12-20,-0.058053176121455045
2022-12-21,0.007397087210366034
2022-12-22,-0.039603860678542824
2022-12-23,-0.06328112230259308
2022-12-26,0.013365252508618317
2022-12-27,-0.025128984856349148
2022-12-28,-0.0757555610513557
2022-12-29,-0.05442266589972684
2022-12-30,-0.04303916858381368
2023-01-03,-0.050759486087620105
2023-01-04,-0.06014664714965922
2023-01-05,-0.04105422224721381
2023-01-06,-0.034757207644391656
2023-01-09,-0.040243200268929205
2023-01-10,0.017372229686310504
2023-01-11,-0.06881152323831469
2023-01-12,-0.019889129747881023
2023-01-13,-0.08626629469175023
2023-01-16,-0.12421453671559624
2023-01-17,-0.020181860613348687
2023-01-18,-0.11600289491527317
2023-01-19,-0.0758882876084091
2023-01-20,-0.07002282054563122
2023-01-30,-0.012693201729927236
2023-01-31,-0.01695952069870215
2023-02-01,-0.03006905114956617
2023-02-02,-0.05288343353665656
2023-02-03,-0.03736677301376629
2023-02-06,-0.08644316653008656
2023-02-07,-0.04384102748972096
2023-02-08,-0.058601307541760926
2023-02-09,-0.044536908167632325
2023-02-10,-0.11625341551384483
2023-02-13,-0.026469412005509056
2023-02-14,-0.06568813905656216
2023-02-15,-0.011826275349836912
2023-02-16,-0.10238813491948404
2023-02-17,-0.05759134964214846
2023-02-20,0.018956816368725184
2023-02-21,-0.04371589092131164
2023-02-22,-0.028895300833839
2023-02-23,-0.08478692482147909
2023-02-24,-0.047464268779018555
2023-02-27,-0.04721527685510477
2023-02-28,-0.013357598937671735
2023-03-01,0.009538866002176764
2023-03-02,-0.0194402612331013
2023-03-03,-0.05385897317680052
2023-03-06,-0.07121112055157547
2023-03-07,-0.01230098471619869
2023-03-08,-0.03605687924852942
2023-03-09,-0.09790459716520977
2023-03-10,-0.0960492120838744
2023-03-13,0.05999490304275545
2023-03-14,-0.009398626386817871
2023-03-15,-0.050577105102622616
2023-03-16,0.011325435969104436
2023-03-17,-0.009101820769090108
2023-03-20,-0.060690289305417935
2023-03-21,-0.14559039940890825
2023-03-22,-0.07542367990072722
2023-03-23,0.006841999618711653
2023-03-24,-0.06810618574414479
2023-03-27,-0.06654609860672792
2023-03-28,-0.04938415252795914
2023-03-29,-0.04501489654510383
2023-03-30,-0.06651497526431785
2023-03-31,-0.06141724276829902
2023-04-03,0.04261549742241223
2023-04-04,0.05432448423691701
2023-04-06,0.010323807544602217
2023-04-07,-0.08483223354176972
2023-04-10,-0.07041253615360342
2023-04-11,0.023572673339339684
2023-04-12,-0.005682226413986268
2023-04-13,-0.051850065932452824
2023-04-14,0.0005808121796320607
2023-04-17,-0.09264565469362002
2023-04-18,-0.008767527996689643
2023-04-19,0.030000316250548175
2023-04-20,0.06475919477275242
2023-04-21,-0.0250388729206335
2023-04-24,-0.04595053414542081
2023-04-25,-0.048921580488213094
2023-04-26,-0.05306432860586232
2023-04-27,-0.0714755147226057
2023-04-28,-0.03342036108937329
2023-05-04,-0.03716668069609804
2023-05-05,-0.049195200257545736
2023-05-08,-0.06300220793899462
2023-05-09,-0.09540474414473787
2023-05-10,-0.03557051217104613
2023-05-11,-0.07150101722831176
2023-05-12,0.004298883676173803
2023-05-15,-0.01092855538114018
2023-05-16,-0.03041786343093743
2023-05-17,-0.044215130828667217
2023-05-18,-0.016111663525482257
2023-05-19,-0.13443172870870426
2023-05-22,-0.09151941579352074
2023-05-23,-0.11260309700255758
2023-05-24,-0.04022666535820453
2023-05-25,0.02981226318831962
2023-05-26,-0.018456525742364283
2023-05-29,-0.05601991403859092
2023-05-30,0.0017422594584031816
2023-05-31,-0.039192448130680894
2023-06-01,-0.05032647275513602
2023-06-02,-0.09835257968538767
2023-06-05,0.0005499380097126357
2023-06-06,-0.009720913285941591
2023-06-07,-0.0006813451356839169
2023-06-08,-0.012399448276040257
2023-06-09,0.043220272636941455
2023-06-12,-0.032290871080122414
2023-06-13,-0.014180846391128798
2023-06-14,-0.05633515061140769
2023-06-15,-0.031106732822226018
2023-06-16,-0.07738056269932111
2023-06-19,0.014767486333660153
2023-06-20,-0.032452004111658904
2023-06-21,-0.057106965746954876
2023-06-26,-0.051154836299840946
2023-06-27,-0.09353891146311681
2023-06-28,-0.05612435278541884
2023-06-29,-0.0938133447222379
2023-06-30,-0.05260436513770821
2023-07-03,-0.07225851223571397
2023-07-04,-0.018234072104208535
2023-07-05,-0.06342527204223843
2023-07-06,-0.009275657017922701
2023-07-07,-0.07704386702752185
2023-07-10,-0.03005154572676828
2023-07-11,-0.050334427119461816
2023-07-12,-0.002912195334269568
2023-07-13,-0.05754531607920874
2023-07-14,-0.11443124019885298
2023-07-17,-0.031662229969720936
2023-07-18,-0.05053011859242168
2023-07-19,-0.08587622791110566
2023-07-20,-0.015335641991334963
2023-07-21,-0.01902493276721126
2023-07-24,-0.05024164639241703
2023-07-25,-0.08647039437882205
2023-07-26,-0.012407344759759402
2023-07-27,-0.08138871980341192
2023-07-28,-0.04895817595413568
2023-07-31,-0.002060992523991142
2023-08-01,-0.06930357504863502
2023-08-02,-0.0794819487484108
2023-08-03,0.015777567808678502
2023-08-04,-0.09411642123123858
2023-08-07,-0.04294142760867656
2023-08-08,-0.034320314150898056
2023-08-09,-0.0009344211627331544
2023-08-10,-0.04265074832667028
2023-08-11,-0.080365368117303
2023-08-14,-0.05058810401332688
2023-08-15,-0.024223996938835708
2023-08-16,0.04986819761189149
2023-08-17,-0.08918918159363992
2023-08-18,-0.07925621753403021
2023-08-21,-0.036496219811756714
2023-08-22,-0.043341490495620305
2023-08-23,-0.041894314950739184
2023-08-24,-0.03751170184833086
2023-08-25,-0.040064667326482
2023-08-28,-0.00808917978934144
2023-08-29,-0.034622955616783406
2023-08-30,-0.07517312882906996
2023-08-31,-0.018478299915567903
2023-09-01,-0.046499529142581535
2023-09-04,-0.13268672329863745
2023-09-05,-0.11667508093347369
2023-09-06,-0.07744673157959399
2023-09-07,-0.0014900368629965966
2023-09-08,-0.02043415264979315
2023-09-11,-0.07402896019188249
2023-09-12,-0.08259540998457944
2023-09-13,0.05257604945452432
2023-09-14,-0.0075177288697231654
2023-09-15,-0.011456280263253685
2023-09-18,-0.03280498608473947
2023-09-19,-0.011247940383953586
2023-09-20,-0.03152681889714804
2023-09-21,0.013007999192054179
2023-09-22,-0.008042387384537766
2023-09-25,0.04029155842530798
2023-09-26,0.016511895901823948
2023-09-27,-0.05317471034486107
2023-09-28,-0.02524264459988269
2023-10-09,-0.018130415992146116
2023-10-10,0.00817044158047398
2023-10-11,-0.05283562742217554
2023-10-12,-0.028846537457311427
2023-10-13,0.04056287608659894
2023-10-16,0.004479880121074607
2023-10-17,-0.09362123658130578
2023-10-18,-0.03263364478773843
2023-10-19,-0.06938206903278356
2023-10-20,-0.04195305355101484
2023-10-23,0.0013555984532875695
2023-10-24,0.02964784407771137
2023-10-25,-0.03708252748896538
2023-10-26,-0.04222139240590051
2023-10-27,-0.05924265111379915
2023-10-30,0.0001861598001140479
2023-10-31,-0.030542326699035713
2023-11-01,-0.07773785257881116
2023-11-02,-0.06813149130703208
2023-11-03,-0.0782300007823761
2023-11-06,0.012573457501463554
2023-11-07,0.05876388054022612
2023-11-08,-0.003287996618424474
2023-11-09,-0.12110049692921666
2023-11-10,0.011449957310863164
2023-11-13,-0.04798708798066123
2023-11-14,-0.016067646182487294
2023-11-15,-0.08355105106387924
2023-11-16,-0.041126652294962714
2023-11-17,-0.01250865084460043
2023-11-20,0.00044876192421568504
2023-11-21,-0.04829572777822928
2023-11-22,-0.04150142039592135
2023-11-23,-0.052731618952666336
2023-11-24,-0.03891348198291318
2023-11-27,-0.015017993280920582
2023-11-28,-0.042539624402626985
2023-11-29,-0.02207565453390169
2023-11-30,-0.014920576496934028
2023-12-01,0.002244903186550413
2023-12-04,0.01981100423037968
2023-12-05,-0.023801135545648444
2023-12-06,-0.0447837239718873
2023-12-07,-0.0293758182557721
2023-12-08,-0.00814498728200941
2023-12-11,0.019305593895283635
2023-12-12,-0.019887576850987305
2023-12-13,0.0010039827714123336
2023-12-14,-0.085829884738739
2023-12-15,-0.05316403349413906
2023-12-18,0.03250063363062742
2023-12-19,-0.02878922204242795
2023-12-20,-0.01495978281207333
2023-12-21,-0.03744600591923868
2023-12-22,-0.05964944201953495
2023-12-25,0.0347473669791552
2023-12-26,0.011553111037296735
2023-12-27,-0.017354370271915595
2023-12-28,-0.1447937707322024
2023-12-29,-0.033146739767841035
2024-01-02,-0.03286357346500532
2024-01-03,-0.005696390729731144
2024-01-04,-0.06821031284555386
2024-01-05,-0.055507776194588014
2024-01-08,0.02731934188236068
2024-01-09,0.01137270023849886
2024-01-10,-0.009185756584727409
2024-01-11,-0.027049088559855168
2024-01-12,-0.005960222082272328
2024-01-15,-0.023732442778013108
2024-01-16,0.06820533749682837
2024-01-17,-0.056000987011771024
2024-01-18,0.030568114140860282
2024-01-19,-0.07685713531682825
2024-01-22,0.02142139483155595
2024-01-23,-0.02344995066152461
2024-01-24,-0.03772505477067419
2024-01-25,-0.006354709645152038
2024-01-26,0.002111093812825532
2024-01-29,-0.04067722114271263
2024-01-30,-0.039335437223186526
2024-01-31,-0.019278534403765035
2024-02-01,-0.017524549631834443
2024-02-02,0.002429337154476433
2024-02-05,-0.06346547687731409
2024-02-06,0.0008857081904317234
2024-02-07,-0.10322886018867689
2024-02-08,0.05866788997486484
2024-02-19,0.1380277070528099
2024-02-20,0.10064495115782432
2024-02-21,-0.005430534323987114
2024-02-22,0.141238057133801
2024-02-23,0.11704899312810926
2024-02-26,0.041797497163240806
2024-02-27,0.008414929169006125
2024-02-28,-0.21440161357141221
2024-02-29,0.031205189769412327
2024-03-01,0.045118511018297884
2024-03-04,0.04812640469355554
2024-03-05,-0.09876152029686852
2024-03-06,0.04670674468201082
2024-03-07,0.09519464340530105
2024-03-08,-0.041198589804637545
2024-03-11,-0.04294914375850515
2024-03-12,-0.013231001436321731
2024-03-13,-0.08053150786036234
2024-03-14,0.03573111074677343
2024-03-15,0.009422423790104264
2024-03-18,-0.019329345867368574
2024-03-19,-0.07815248913040311
2024-03-20,-0.05627568040639552
2024-03-21,-0.036113427898721163
2024-03-22,-0.03539385077039073
2024-03-25,-0.03334099748525166
2024-03-26,-0.0007934345553218399
2024-03-27,-0.043456570241163534
2024-03-28,0.024388505977768767
2024-03-29,-0.05233019281437277
2024-04-01,-0.031135299820826967
2024-04-02,-0.03213941034605441
2024-04-03,-0.07843321720128792
2024-04-08,-0.03184291636093744
2024-04-09,-0.02205212125379121
2024-04-10,-0.028284615768842367
2024-04-11,-0.05759823555556721
2024-04-12,-0.04958996868757315
2024-04-15,-0.04956498929159346
2024-04-16,-0.04365769033458297
2024-04-17,0.10638216448452399
2024-04-18,-0.002898272980652914
2024-04-19,0.042674377936917605
2024-04-22,-0.09087135910342062
2024-04-23,-0.109597023687143
2024-04-24,-0.11127319500026205
2024-04-25,-0.07862395054690212
2024-04-26,-0.10510983873917462
2024-04-29,-0.11552986719159741
2024-04-30,0.008334685707919141
2024-05-06,0.03526165161817738
2024-05-07,-0.0701490487571273
2024-05-08,-0.00041568162214359217
2024-05-09,-0.051718541512097115
2024-05-10,0.045366471617566795
2024-05-13,0.09808790530113251
2024-05-14,-0.07606340088174732
2024-05-15,-0.020142304677491105
2024-05-16,-0.04353682228242323
2024-05-17,-0.007166919671499002
2024-05-20,-0.032852894465337665
2024-05-21,0.046918249931070466
2024-05-22,-0.027722040708144588
2024-05-23,-0.0010164572790897783
2024-05-24,-0.06199880485335662
2024-05-27,-0.017078184579630874
2024-05-28,-0.034265602365902925
2024-05-29,-0.008779952422975443
2024-05-30,-0.10098152891289654
2024-05-31,-0.10996788856650559
2024-06-03,0.033745340377780195
2024-06-04,0.05571537225814722
2024-06-05,-0.04902083563786498
2024-06-06,0.024475998538095005
2024-06-07,-0.07542762479936846
2024-06-11,0.02034184471957763
2024-06-12,0.0013464553223464949
2024-06-13,0.0019133720273800455
2024-06-14,-0.03205383739835055
2024-06-17,0.046738372748829624
2024-06-18,-0.1111946781987659
2024-06-19,-0.07310676456520522
2024-06-20,0.052306841154032044
2024-06-21,-0.027106702531531347
2024-06-24,0.07365203743956655
2024-06-25,-0.06025165409891274
2024-06-26,-0.13056648922209088
2024-06-27,-0.028578081682450313
2024-06-28,-0.044009283376793884
2024-07-01,-0.04885802432180356
2024-07-02,-0.058584439239342916
2024-07-03,-0.011112599056588067
2024-07-04,0.01869114402742791
2024-07-05,-0.037170924799827885
2024-07-08,0.02825725512771336
2024-07-09,0.031888750729423494
2024-07-10,-0.03007949374770263
2024-07-11,-0.05486515041630593
2024-07-12,-0.014010019341504677
2024-07-15,0.004318063405471317
2024-07-16,0.03668535400571065
2024-07-17,-0.03078878980138372
2024-07-18,-0.01680940572998185
2024-07-19,-0.08897281649811148
2024-07-22,-0.0026173068797554115
2024-07-23,0.038778500582080926
2024-07-24,-0.009665509765633273
2024-07-25,-0.04780641181414065
2024-07-26,-0.08911514848660393
2024-07-29,0.028297842325339523
2024-07-30,0.01768650620195892
2024-07-31,-0.14230248279561886
2024-08-01,0.040241186177962164
2024-08-02,-0.052418019625666404
2024-08-05,-0.011743177256775872
2024-08-06,-0.009213709101826426
2024-08-07,-0.10195499065871111
2024-08-08,-0.010029030709161958
2024-08-09,-0.09657477303741409
2024-08-12,-0.07292712925105045
2024-08-13,-0.03760118022259815
2024-08-14,-0.0021362211608914115
2024-08-15,-0.015754713051080043
2024-08-16,-0.06329704298914521
2024-08-19,-0.008057630557052374
2024-08-20,0.011138065976424728
2024-08-21,-0.06286752074056323
2024-08-22,-0.018461972146948034
2024-08-23,-0.022808428585350832
2024-08-26,0.02786331205122022
2024-08-27,-0.032928775831231896
2024-08-28,-0.04268959366250246
2024-08-29,-0.05323401529689727
2024-08-30,-0.018474951792535225
2024-09-02,0.10541656824506072
2024-09-03,0.016893134131749053
2024-09-04,-0.09230688400689264
2024-09-05,-0.07762531808644492
2024-09-06,-0.001504895347047136
2024-09-09,-0.019064029430057722
2024-09-10,-0.038953166463599434
2024-09-11,-0.029077141823785076
2024-09-12,0.010288819545344875
2024-09-13,-0.011972177303184575
2024-09-18,-0.020062425722576136
2024-09-19,-0.010927894040746152
2024-09-20,0.04631781999687916
2024-09-23,-0.056331623980121905
2024-09-24,-0.10120413576867847
2024-09-25,-0.05171713372734048
2024-09-26,-0.00893012115726417
2024-09-27,0.02596847788468072
2024-09-30,0.10189362650123625
2024-10-08,0.22472703819115428
2024-10-09,-0.25509550114499235
2024-10-10,-0.23308999164909597
2024-10-11,-0.24395687681450343
2024-10-14,0.08268188243319056
2024-10-15,-0.05727524959784206
2024-10-16,-0.08647588998651214
2024-10-17,0.017664809545104174
2024-10-18,0.09579665610719591
2024-10-21,0.09848399387338058
2024-10-22,-0.055038907650092166
2024-10-23,-0.053150379523410396
2024-10-24,-0.06983472166387243
2024-10-25,0.03933635690360667
2024-10-28,0.08079160370607558
2024-10-29,0.004635713233606186
2024-10-30,0.04521271351512377
2024-10-31,0.03516995000067612
2024-11-01,-0.12465088328549975
2024-11-04,-0.035319726144469765
2024-11-05,0.04232035822335053
2024-11-06,-0.008546785994215784
2024-11-07,-0.12001894576290896
2024-11-08,0.02340345557980144
2024-11-11,0.01185408429696742
2024-11-12,-0.12267830865757545
2024-11-13,-0.1060572358348211
2024-11-14,-0.1255733164410757
2024-11-15,-0.1755554266541061
2024-11-18,-0.07007606223521061
2024-11-19,0.07273280666358867
2024-11-20,0.0944454848771653
2024-11-21,-0.042279707653819915
2024-11-22,-0.06614484840081382
2024-11-25,-0.005865332345830706
2024-11-26,-0.11503751445227592
2024-11-27,-0.02540766906061295
2024-11-28,0.007010078842335723
2024-11-29,-0.03822389041176407
2024-12-02,0.070007958344596
2024-12-03,-0.060428351137960634
2024-12-04,-0.07749149300339998
2024-12-05,0.026823513001352148
2024-12-06,-0.12514024524820416
2024-12-09,0.001284104742237266
2024-12-10,-0.0565102516887174
2024-12-11,-0.02913038301906364
2024-12-12,-0.08541658939133034
2024-12-13,-0.019406231938738312
2024-12-16,-0.05693771597789099
2024-12-17,-0.1440432574906854
2024-12-18,-0.00834907381853375
2024-12-19,-0.08460637281390819
2024-12-20,0.03682817211510483
2024-12-23,-0.10990831956736583
2024-12-24,-0.05962111629954079
2024-12-25,-0.1470233519381917
2024-12-26,0.03370920874792641
2024-12-27,0.024152944770459612
2024-12-30,-0.12467163261799762
2024-12-31,-0.07103675050169986
2025-01-02,0.06274986237058668
2025-01-03,-0.08709760874593807
2025-01-06,-0.05905159596435948
2025-01-07,0.09719948149641927
2025-01-08,0.04661086306279621
2025-01-09,-0.050269033265465154
2025-01-10,-0.08053193995244
2025-01-13,-0.1520773938141421
2025-01-14,-0.01526818502206705
2025-01-15,-0.08022557735932874
2025-01-16,-0.06334335879535766
2025-01-17,-0.013297497339525809
2025-01-20,-0.04282519824729352
2025-01-21,0.0640668927880521
2025-01-22,-0.015310812222304656
2025-01-23,-0.10858312699944592
2025-01-24,-0.03359931717923762
2025-01-27,-0.055798357043857556
2025-02-05,-0.038663894221234396
2025-02-06,-0.00666747328241298
2025-02-07,-0.07901131158425809
2025-02-10,-0.022763722071195078
2025-02-11,-0.0033844652000865416
2025-02-12,0.01161072408044097
2025-02-13,-0.05282577154912042
2025-02-14,-0.03788518779594112
2025-02-17,0.06405212879806321
2025-02-18,-0.09129362596504405
2025-02-19,0.0726069432022537
2025-02-20,0.008779922806420962
2025-02-21,0.017592482008949365
2025-02-24,-0.06369942389462456
2025-02-25,-0.021973369734514903
2025-02-26,0.01361243066438772
2025-02-27,-0.07761485311559711
2025-02-28,-0.13548986996900925
2025-03-03,-0.05745687169923965
2025-03-04,0.022786042488618638
2025-03-05,0.04277861185209263
2025-03-06,0.05166263269452407
2025-03-07,-0.06905787876698995
2025-03-10,-0.03967090993357249
2025-03-11,-0.026634857842370768
2025-03-12,-0.06391894519384787
2025-03-13,-0.09470729433706856
2025-03-14,-0.07168124130504508
2025-03-17,-0.023486924605783
2025-03-18,-0.09400185466743134
2025-03-19,-0.06465438696850807
2025-03-20,-0.10954982536707121
2025-03-21,-0.06233932277431869
2025-03-24,-0.04570230391447668
2025-03-25,-0.09965756967453984
2025-03-26,-0.03725895079697511
2025-03-27,-0.08185369530156747
2025-03-28,-0.024827455449340268
2025-03-31,-0.017314556893901538
2025-04-01,-0.0491534355670036
2025-04-02,-0.03741775618479423
2025-04-03,-0.01993145475049696
2025-04-07,0.06594907976780079
2025-04-08,0.16130594635991946
2025-04-09,0.02745666571472016
2025-04-10,0.028838417775046667
2025-04-11,-0.09234545862950645
2025-04-14,0.020333919473579275
2025-04-15,-0.09274566336008527
2025-04-16,-0.0005601288166972481
2025-04-17,-0.05850972894827694
2025-04-18,-0.12098448602434649
2025-04-21,-0.07449462344904251
2025-04-22,0.024896928651679008
2025-04-23,-0.1920750383984542
2025-04-24,0.04350793775030636
2025-04-25,-0.0647552665627551
2025-04-28,-0.03610370481277806
2025-04-29,-0.06751600964832564
2025-04-30,-0.08790612639456623
2025-05-06,-0.007263657405452873
2025-05-07,-0.0030116578608796424
2025-05-08,-0.13404758244144713
2025-05-09,-0.07691599907580585
2025-05-12,0.015401877102153148
2025-05-13,-0.015564858442534954
2025-05-14,0.012106719654847936
2025-05-15,-0.057004342230416206
2025-05-16,0.037175377909465325
2025-05-19,-0.05474440744454355
2025-05-20,-0.034902277901332414
2025-05-21,-0.0757395133654465
2025-05-22,-0.0071157162070780286
2025-05-23,-0.07041763871646381
2025-05-26,0.019146745753218168
2025-05-27,0.001577222532099893
2025-05-28,-0.03045733050977111
2025-05-29,-0.039325252111656106
2025-05-30,-0.09873666074138777
2025-06-03,0.025522749794956712
2025-06-04,0.009167567987764186
2025-06-05,-0.06353746701576723
2025-06-06,-0.13406347848984126
2025-06-09,0.06353477575263541
2025-06-10,-0.027363854038388088
2025-06-11,-0.08083031420489946
2025-06-12,0.005986479571318853
2025-06-13,-0.06932689886375665
2025-06-16,0.05938135247614832
2025-06-17,-0.097355187668407
2025-06-18,-0.042268647640936775
2025-06-19,-0.11476731284783204
2025-06-20,-0.10663030924384265
2025-06-23,0.011902318271244796
2025-06-24,-0.11063045636027216
2025-06-25,-0.06993965676155126
2025-06-26,-0.030869586402726388
2025-06-27,-0.04866567800349595
2025-06-30,-0.02041366544678367
2025-07-01,-0.04109454853958439
2025-07-02,-0.11345529925060008
2025-07-03,-0.020886440077744248
2025-07-04,-0.04302633469170553
2025-07-07,-0.007067468483943664
2025-07-08,-0.019397214250301137
2025-07-09,-0.07907986896561249
2025-07-10,-0.0928805714049025
2025-07-11,-0.09474682401550785
2025-07-14,-0.05630524300724534
2025-07-15,-0.03151724691954567
2025-07-16,-0.10509401641321817
2025-07-17,0.025735018566979132
2025-07-18,-0.06829031963092676
2025-07-21,-0.07533589949704496
2025-07-22,-0.054197026784456204
2025-07-23,-0.052012928743996885
2025-07-24,-0.05429207900157361
2025-07-25,-0.0717562339550972
2025-07-28,0.011122553021141507
2025-07-29,0.01915561106924335
2025-07-30,-0.08889323946925663
2025-07-31,-0.014180506968414776
2025-08-01,-0.1123784877292443
2025-08-04,-0.04000950998097843
2025-08-05,-0.09024028804896703
2025-08-06,-0.04824197108812448
2025-08-07,-0.0649430769405106
2025-08-08,-0.01069241544649098
2025-08-11,0.007371063912526703
2025-08-12,-0.06504844283641519
2025-08-13,0.016520238696134903
2025-08-14,-0.10796447238682236
2025-08-15,0.04962145716896735
2025-08-18,0.04270083700868057
2025-08-19,-0.05637725221892169
2025-08-20,-0.1461558394505602
2025-08-21,-0.1762063274035032
2025-08-22,-0.0021151771941843103
2025-08-25,0.012938143174530873
2025-08-26,-0.1268806000271759
2025-08-27,-0.05376192635689169
2025-08-28,0.03349835224593321
2025-08-29,-0.03133769973110727
2025-09-01,0.035724676069962706
2025-09-02,-0.06998182695558625
2025-09-03,-0.031107531043502414
2025-09-04,-0.12367530377105176
2025-09-05,0.10982589461369031
2025-09-08,-0.06248581063706478
2025-09-09,-0.061791061882549854
2025-09-10,0.034931759195351596
2025-09-11,0.05339904167599063
2025-09-12,0.0063749014598721105
2025-09-15,0.006704633797826377
2025-09-16,-0.0052284811119858625
2025-09-17,-0.08261092339926568
2025-09-18,-0.0424631191938813
2025-09-19,-0.05219000304272037
2025-09-22,0.008924715022505232
2025-09-23,-0.053726605003162724
2025-09-24,-0.048910686386427475
2025-09-25,-0.043867880448171206
2025-09-26,-0.10517333344242193
2025-09-29,0.02629022105197083
2025-09-30,-0.056969982195402856
2025-10-09,-0.057238917278879746
2025-10-10,-0.11048112591153031
2025-10-13,-0.03986141211705736
2025-10-14,-0.1477860239935293
2025-10-15,0.027498316793729674
2025-10-16,-0.0648959008096324
2025-10-17,-0.13930753154022815
2025-10-20,0.0030903808917653493
2025-10-21,-0.05103093464653259
2025-10-22,-0.15051582266514268
2025-10-23,-0.1505030910725685
2025-10-24,0.010760056577800797
2025-10-27,0.03264084677029066
2025-10-28,-0.024519208412526944
2025-10-29,-0.01735508859572869
2025-10-30,-0.01960791881709041
2025-10-31,-0.045383731220772584
2025-11-03,0.0355834745436284
2025-11-04,4.919253086744623e-06
2025-11-05,-0.004292139395730679
2025-11-06,-0.049383226384158214
2025-11-07,-0.038037309873654744
2025-11-10,-0.022618944141740406
2025-11-11,-0.018586013589738454
2025-11-12,-0.019972251125808856
2025-11-13,0.03416817652514411
2025-11-14,-0.07890069252082685
2025-11-17,0.04155900030693848
2025-11-18,-0.11056049816646452
2025-11-19,-0.04951274204857627
2025-11-20,-0.07187689824762895
2025-11-21,-0.15799955001374272
2025-11-24,-0.030898866103262885
2025-11-25,0.09140773275693552
2025-11-26,-0.022916947638829503
2025-11-27,-0.04766298790307424
2025-11-28,0.03028999378930515
2025-12-01,-0.07824509913297567
2025-12-02,0.04789660582882283
2025-12-03,-0.05265425782495552
2025-12-04,-0.12891583268032117
2025-12-05,-0.04804102356631062
2025-12-08,0.045345838205683275
2025-12-09,-0.04560406991049777
2025-12-10,-0.024199316493887423
2025-12-11,-0.12378515205606797
2025-12-12,-0.07073969989723272
2025-12-15,-0.047005691151430606
2025-12-16,-0.13299109122170824
2025-12-17,-0.0002796176301928147
2025-12-18,-0.11102645784136232
2025-12-19,-0.032436173082366127
2025-12-22,0.006475109681511137
2025-12-23,-0.033667689604262536
2025-12-24,0.0022310898567016913
2025-12-25,-0.05556278063416056
2025-12-26,-0.018536501960365548
2025-12-29,-0.051140082268278785
2025-12-30,-0.09032733440754939
2025-12-31,-0.07955917389343437
